hour,activated_up,activated_dn,reserve_up,reserve_dn,act_pct_up,act_pct_dn,price_up_eur_mwh,price_dn_eur_mwh,spot_eur_mwh
2026-03-03T00:00,0.2,236.6,4200,4400,0.0048,5.3773,98.21,-7.69,120.75
2026-03-03T01:00,94.7,59.3,4400,4400,2.1523,1.3477,235.88,11.55,137.64
2026-03-03T02:00,22.7,119.8,4000,4000,0.5675,2.995,147.01,5,116.78
2026-03-03T03:00,30.1,3.4,4000,4000,0.7525,0.085,88.06,26.5,97.1
2026-03-03T04:00,101.1,20.3,4000,4000,2.5275,0.5075,159.94,8.63,92
2026-03-03T05:00,0.5,133.6,4000,4000,0.0125,3.34,39.55,-24.5,92
2026-03-03T06:00,0,481.7,4100,4000,0,12.0425,45.26,-518.78,101.16
2026-03-03T07:00,18.4,266.4,4800,4600,0.3833,5.7913,156.14,-533.68,120.79
2026-03-03T08:00,85.9,161.4,5000,4900,1.718,3.2939,150.89,-7.68,142.17
2026-03-03T09:00,219.7,19,5800,5800,3.7879,0.3276,222.28,37.33,137.19
2026-03-03T10:00,248.3,9.2,5800,5800,4.281,0.1586,211.83,34.4,91.29
2026-03-03T11:00,109.4,44,5500,5500,1.9891,0.8,75.72,-6.89,27.76
2026-03-03T12:00,7.8,431.2,5200,5200,0.15,8.2923,25.19,-60.07,13.52
2026-03-03T13:00,214,34.2,5200,5200,4.1154,0.6577,76.65,2.05,7.67
2026-03-03T14:00,252.6,17.9,5200,5200,4.8577,0.3442,42.12,4.05,4.75
2026-03-03T15:00,207.8,58.2,5200,5200,3.9962,1.1192,99.48,-0.62,4.15
2026-03-03T16:00,366.9,37.4,5200,5200,7.0558,0.7192,358.34,4.16,3.73
2026-03-03T17:00,81.1,46,5350,5350,1.5159,0.8598,76.67,-3,12.24
2026-03-03T18:00,63.6,111.5,6000,6000,1.06,1.8583,221.7,-8.63,51.35
2026-03-03T19:00,233.5,9.8,5950,5950,3.9244,0.1647,354.88,80.08,148.46
2026-03-03T20:00,78.9,152.2,4900,4900,1.6102,3.1061,359.02,188.25,348.25
2026-03-03T21:00,1.5,143,4800,4800,0.0312,2.9792,340.18,237.76,373.39
2026-03-03T22:00,9.5,73.7,4300,4400,0.2209,1.675,258.42,133.49,249.32
2026-03-03T23:00,9,68.4,4000,4400,0.225,1.5545,206.09,129.27,211.65
2026-03-04T00:00,6.3,76.7,4200,4400,0.15,1.7432,171.54,59.14,144.96
2026-03-04T01:00,8,72.8,4400,4400,0.1818,1.6545,273.27,103.08,256.3
2026-03-04T02:00,54.7,107.3,4000,4000,1.3675,2.6825,228.19,37.11,205.1
2026-03-04T03:00,5.4,192.5,4000,4000,0.135,4.8125,155.88,22.36,170.24
2026-03-04T04:00,96.1,12.9,4000,4000,2.4025,0.3225,299.07,91.89,155.51
2026-03-04T05:00,13.4,20.2,4000,4000,0.335,0.505,191.41,81.39,149.14
2026-03-04T06:00,165.5,21.2,4100,4000,4.0366,0.53,322.88,54.81,170.6
2026-03-04T07:00,5.7,74.4,4800,4600,0.1187,1.6174,234.3,84.6,175.77
2026-03-04T08:00,76.8,23.7,5000,4900,1.536,0.4837,427.33,174.59,316.36
2026-03-04T09:00,125.1,16.4,5800,5800,2.1569,0.2828,423.49,214.64,288.85
2026-03-04T10:00,110.9,15.6,5800,5800,1.9121,0.269,554.41,120.9,184.94
2026-03-04T11:00,220.9,9,5500,5500,4.0164,0.1636,260.23,63.66,112.72
2026-03-04T12:00,145.8,255.6,5200,5200,2.8038,4.9154,120.02,-39.1,69.09
2026-03-04T13:00,329.1,2.5,5200,5200,6.3288,0.0481,176.09,8.25,29.53
2026-03-04T14:00,755.8,0,5200,5200,14.5346,0,990.35,28.04,23.98
2026-03-04T15:00,445.6,0,5200,5200,8.5692,0,326.42,49.84,38.4
2026-03-04T16:00,271.8,1.4,5200,5200,5.2269,0.0269,249.51,8.65,70.61
2026-03-04T17:00,155.5,14.9,5350,5350,2.9065,0.2785,495.1,31.29,68.28
2026-03-04T18:00,77.5,34.5,6000,6000,1.2917,0.575,495,58.84,174.79
2026-03-04T19:00,19.4,0.2,5950,5950,0.3261,0.0034,359,267.36,375.87
2026-03-04T20:00,39.9,8,4900,4900,0.8143,0.1633,662.4,379.17,707.94
2026-03-04T21:00,91.9,19.3,4800,4800,1.9146,0.4021,610.82,326.67,654.62
2026-03-04T22:00,119.8,4.2,4300,4400,2.786,0.0955,729.87,218.92,393.39
2026-03-04T23:00,24,173.6,4000,4400,0.6,3.9455,351.78,-291.06,331.83
2026-03-05T00:00,0,209.1,4200,4400,0,4.7523,112.65,-31.99,300.96
2026-03-05T01:00,0.1,99.6,4400,4400,0.0023,2.2636,79.37,-7.02,379.33
2026-03-05T02:00,21.6,62.1,4000,4000,0.54,1.5525,402.65,191.4,341.91
2026-03-05T03:00,1.5,28,4000,4000,0.0375,0.7,287.69,239.05,337.19
2026-03-05T04:00,37.3,18.5,4000,4000,0.9325,0.4625,345.5,174.13,296.07
2026-03-05T05:00,0,304.4,4000,4000,0,7.61,227.54,126.86,304.84
2026-03-05T06:00,2,97.7,4100,4000,0.0488,2.4425,269.76,225.39,345.68
2026-03-05T07:00,48.6,77.9,4800,4600,1.0125,1.6935,467.57,258.42,446.06
2026-03-05T08:00,4.8,49.8,5000,4900,0.096,1.0163,425.23,374.11,580.52
2026-03-05T09:00,248,8.5,5800,5800,4.2759,0.1466,605.69,346.49,573.85
2026-03-05T10:00,123.2,2.7,5800,5800,2.1241,0.0466,520.84,152.25,445.27
2026-03-05T11:00,67.7,375.2,5500,5500,1.2309,6.8218,342.11,27.73,373.71
2026-03-05T12:00,461,14.9,5200,5200,8.8654,0.2865,702.11,167.33,250.76
2026-03-05T13:00,309,2.8,5200,5200,5.9423,0.0538,423.85,120.44,163.62
2026-03-05T14:00,135.3,35.8,5200,5200,2.6019,0.6885,224.35,81.29,153.09
2026-03-05T15:00,191.3,71.6,5200,5200,3.6788,1.3769,357.55,100.12,162.47
2026-03-05T16:00,139.9,6.1,5200,5200,2.6904,0.1173,395.01,77.75,190.26
2026-03-05T17:00,151.6,24.6,5350,5350,2.8336,0.4598,466.58,136.25,275.32
2026-03-05T18:00,500.3,1.6,6000,6000,8.3383,0.0267,532.34,339.82,382.45
2026-03-05T19:00,6.9,158.7,5950,5950,0.116,2.6672,446.25,281.7,497.01
2026-03-05T20:00,3.8,221.9,4900,4900,0.0776,4.5286,480.28,383.74,633.97
2026-03-05T21:00,45.9,14,4800,4800,0.9562,0.2917,496.06,281.15,503.64
2026-03-05T22:00,13.6,23,4300,4400,0.3163,0.5227,377.93,236.78,383.23
2026-03-05T23:00,83.8,9.4,4000,4400,2.095,0.2136,378.28,113.77,343.98
2026-03-06T00:00,48.9,31.6,4200,4400,1.1643,0.7182,379.67,108.52,288.8
2026-03-06T01:00,146.1,82.5,4800,4800,3.0437,1.7187,322.03,75.25,248.23
2026-03-06T02:00,38.8,75.2,4800,4800,0.8083,1.5667,269.77,67.73,222.85
2026-03-06T03:00,57.5,23.5,4800,4800,1.1979,0.4896,249.96,88.39,206.04
2026-03-06T04:00,47.5,12.2,4800,4800,0.9896,0.2542,223.94,72.51,176.71
2026-03-06T05:00,0.7,262.2,4800,4800,0.0146,5.4625,132.45,-35.55,139.05
2026-03-06T06:00,4.7,382.3,4800,4800,0.0979,7.9646,127.95,-40.1,149.35
2026-03-06T07:00,2.2,381.1,4800,4800,0.0458,7.9396,202.7,-16.11,200.12
2026-03-06T08:00,89.6,193.5,5000,4900,1.792,3.949,295.14,51.78,242.63
2026-03-06T09:00,7.8,323,5800,5800,0.1345,5.569,269.97,84.33,298.79
2026-03-06T10:00,70.2,202.9,5800,5800,1.2103,3.4983,284.18,79.56,276.8
2026-03-06T11:00,96.3,70.3,5500,5500,1.7509,1.2782,312.85,80.19,258.27
2026-03-06T12:00,5.8,166.6,5200,5200,0.1115,3.2038,217.95,40.29,257.06
2026-03-06T13:00,22.2,9,5200,5200,0.4269,0.1731,248.24,127.73,227.56
2026-03-06T14:00,74.7,229.9,5200,5200,1.4365,4.4212,235.52,28.37,209.79
2026-03-06T15:00,189.9,159.6,5200,5200,3.6519,3.0692,258.82,73.83,200.71
2026-03-06T16:00,56.9,435,5200,5200,1.0942,8.3654,209.15,-9.49,198.28
2026-03-06T17:00,126.7,35.1,5350,5350,2.3682,0.6561,286.61,64.66,200.98
2026-03-06T18:00,27.8,36,6000,6000,0.4633,0.6,255.32,88.6,212.59
2026-03-06T19:00,214.9,5.4,5950,5950,3.6118,0.0908,372.3,174.33,264.99
2026-03-06T20:00,9.9,129.5,4900,4900,0.202,2.6429,387.15,231.82,390.41
2026-03-06T21:00,20.4,22.2,4800,4800,0.425,0.4625,370.01,226.61,404.35
2026-03-06T22:00,5.2,78.7,4800,4800,0.1083,1.6396,353.29,191.26,389.28
2026-03-06T23:00,107.6,9.4,4800,4800,2.2417,0.1958,390.78,83.69,363.03
2026-03-07T00:00,138.2,83.1,4800,4800,2.8792,1.7312,395.18,101.32,333.19
2026-03-07T01:00,122.2,42.6,4200,4200,2.9095,1.0143,377.79,143.55,300.31
2026-03-07T02:00,155.2,83.8,4000,4000,3.88,2.095,351.75,169.01,257.87
2026-03-07T03:00,151.3,6.9,4000,4000,3.7825,0.1725,290.56,105.16,245.98
2026-03-07T04:00,8,141.3,4000,4000,0.2,3.5325,156.12,46.08,214.98
2026-03-07T05:00,17.8,15.3,4000,4000,0.445,0.3825,205.23,93.7,202.48
2026-03-07T06:00,0.6,322.9,4000,4000,0.015,8.0725,196.25,19.18,214.2
2026-03-07T07:00,2,370.9,4000,4000,0.05,9.2725,199.7,-380.72,240
2026-03-07T08:00,1.3,357.6,4900,4800,0.0265,7.45,226.7,47.7,244.32
2026-03-07T09:00,0,566.3,5800,5800,0,9.7638,202.29,45.11,254.7
2026-03-07T10:00,4.6,618.7,5800,5800,0.0793,10.6672,191.99,-12.47,216.03
2026-03-07T11:00,124.9,8.3,5500,5500,2.2709,0.1509,241.89,66.58,181.14
2026-03-07T12:00,3.2,692.2,5200,5200,0.0615,13.3115,6.68,-159.85,116.4
2026-03-07T13:00,20.4,62,5200,5200,0.3923,1.1923,65.64,2.54,65.98
2026-03-07T14:00,372.8,1,5200,5200,7.1692,0.0192,272.74,11.68,17.68
2026-03-07T15:00,594.4,0,5200,5200,11.4308,0,583.44,110.05,79.15
2026-03-07T16:00,303.9,116.8,5200,5200,5.8442,2.2462,304.56,27.96,136
2026-03-07T17:00,55.6,162.5,5350,5350,1.0393,3.0374,155.87,-16.64,159.28
2026-03-07T18:00,163.6,267.9,6000,6000,2.7267,4.465,244.61,47.36,237.19
2026-03-07T19:00,32.1,129.2,5950,5950,0.5395,2.1714,357.85,264.23,389.57
2026-03-07T20:00,13.1,59.4,4900,4900,0.2673,1.2122,445.54,375.61,537.84
2026-03-07T21:00,2.1,258.1,4800,4800,0.0438,5.3771,384.09,314.33,507.72
2026-03-07T22:00,24.2,26.2,4300,4000,0.5628,0.655,399.41,334.15,431.57
2026-03-07T23:00,191.8,1.9,4000,4000,4.795,0.0475,451.48,117.57,389.99
2026-03-08T00:00,227.2,3.1,4000,4000,5.68,0.0775,446.65,107.24,366.32
2026-03-08T01:00,4.2,132.4,4200,4200,0.1,3.1524,376.59,242.36,426.6
2026-03-08T02:00,1.6,266.6,4000,4000,0.04,6.665,322.57,194.83,390.83
2026-03-08T03:00,0.7,456.9,4000,4000,0.0175,11.4225,266.9,116.13,371.3
2026-03-08T04:00,0.2,289.1,4000,4000,0.005,7.2275,263.6,134.53,343.98
2026-03-08T05:00,4.7,112.3,4000,4000,0.1175,2.8075,265.61,196.55,331.71
2026-03-08T06:00,12.2,17.2,4000,4000,0.305,0.43,257.03,213.11,338.82
2026-03-08T07:00,0,295.1,4000,4000,0,7.3775,261.2,139.11,336.84
2026-03-08T08:00,15.8,32.9,4900,4800,0.3224,0.6854,276.96,210.31,347.91
2026-03-08T09:00,113.4,8.8,5800,5800,1.9552,0.1517,430.37,290.96,325.33
2026-03-08T10:00,21.9,146.4,5800,5800,0.3776,2.5241,208.77,76.75,263.37
2026-03-08T11:00,135.6,31.5,5500,5500,2.4655,0.5727,215.82,27.96,150.27
2026-03-08T12:00,9.8,56.2,5200,5200,0.1885,1.0808,85.47,13.54,86.59
2026-03-08T13:00,36.2,150.6,5200,5200,0.6962,2.8962,48.69,-21.53,51.9
2026-03-08T14:00,138.2,9.3,5200,5200,2.6577,0.1788,134.4,24.18,69.12
2026-03-08T15:00,133.6,112.2,5200,5200,2.5692,2.1577,174.04,5.56,73.17
2026-03-08T16:00,417.1,0,5200,5200,8.0212,0,331.2,74.5,87.92
2026-03-08T17:00,419.4,7.9,5350,5350,7.8393,0.1477,495.35,74.95,131.08
2026-03-08T18:00,203.3,30.1,6000,6000,3.3883,0.5017,316.52,173.25,249.29
2026-03-08T19:00,27.1,104.1,5950,5950,0.4555,1.7496,437.07,213.15,485.06
2026-03-08T20:00,9.3,18.8,4900,4900,0.1898,0.3837,458.02,347.73,616.21
2026-03-08T21:00,139.3,12.2,4800,4800,2.9021,0.2542,509.31,379.31,562.12
2026-03-08T22:00,84.4,55.7,4300,4000,1.9628,1.3925,553.96,369.94,544.95
2026-03-08T23:00,53.5,15.1,4000,4000,1.3375,0.3775,461.03,278.31,496.33
2026-03-09T00:00,139,6.3,4000,4000,3.475,0.1575,494.11,263.26,473.2
2026-03-09T01:00,78.2,17.3,4400,4400,1.7773,0.3932,512.63,193.45,461.98
2026-03-09T02:00,8.3,132.4,4000,4000,0.2075,3.31,398.61,280.32,440.3
2026-03-09T03:00,13.9,38.3,4000,4000,0.3475,0.9575,347.48,275.07,388.41
2026-03-09T04:00,9.6,48.9,4000,4000,0.24,1.2225,296.86,257.68,321.37
2026-03-09T05:00,10.9,30.8,4000,4000,0.2725,0.77,315.68,353.47,329.88
2026-03-09T06:00,6.9,41.3,4100,4000,0.1683,1.0325,342.05,301.3,417.52
2026-03-09T07:00,45.8,93.5,4800,4600,0.9542,2.0326,476.62,269.19,461.02
2026-03-09T08:00,204.7,17.1,5000,4900,4.094,0.349,587.68,250.89,611.06
2026-03-09T09:00,132.4,88.4,5800,5800,2.2828,1.5241,572.03,366.75,627.19
2026-03-09T10:00,17.8,164.7,5800,5800,0.3069,2.8397,465.89,276.81,488.75
2026-03-09T11:00,0.4,529.7,5500,5500,0.0073,9.6309,332.3,131.24,436.76
2026-03-09T12:00,4.2,151.2,5200,5200,0.0808,2.9077,354.4,170.77,374.02
2026-03-09T13:00,197.2,3.2,5200,5200,3.7923,0.0615,425.14,195.95,336.51
2026-03-09T14:00,87.8,116.6,5200,5200,1.6885,2.2423,304.15,97.26,321.1
2026-03-09T15:00,319.1,0.3,5200,5200,6.1365,0.0058,523.16,237.16,329.21
2026-03-09T16:00,380.1,1.4,5200,5200,7.3096,0.0269,608.11,199.02,373.15
2026-03-09T17:00,157.7,6.9,5350,5350,2.9477,0.129,465.63,214.93,392.4
2026-03-09T18:00,118.8,37.8,6000,6000,1.98,0.63,506.59,134.74,456.19
2026-03-09T19:00,253.4,0.2,5950,5950,4.2588,0.0034,568.69,264.29,541.42
2026-03-09T20:00,52.2,205.3,4900,4900,1.0653,4.1898,550.83,407.26,808.44
2026-03-09T21:00,133,135.2,4800,4800,2.7708,2.8167,645.71,396.68,788.47
2026-03-09T22:00,273.8,87.6,4300,4400,6.3674,1.9909,736.08,343.6,659.2
2026-03-09T23:00,3.6,329.3,4000,4400,0.09,7.4841,451.49,383.72,576.09
2026-03-10T00:00,0.1,215.7,4200,4400,0.0024,4.9023,382.7,276.94,524.13
2026-03-10T01:00,34,36.9,4400,4400,0.7727,0.8386,512.08,289.53,560.11
2026-03-10T02:00,27.3,7.4,4000,4000,0.6825,0.185,485.95,341.48,513.14
2026-03-10T03:00,42.3,5.4,4000,4000,1.0575,0.135,504.24,368.66,486.31
2026-03-10T04:00,14.2,29,4000,4000,0.355,0.725,373.94,245.48,432.55
2026-03-10T05:00,0,97.1,4000,4000,0,2.4275,335.89,319.45,432.33
2026-03-10T06:00,67.9,11.6,4100,4000,1.6561,0.29,494.28,199.06,473.58
2026-03-10T07:00,11.2,174.4,4800,4600,0.2333,3.7913,497.95,359.05,551
2026-03-10T08:00,39.8,10.6,5000,4900,0.796,0.2163,553.88,233.28,633.34
2026-03-10T09:00,135.8,91.6,5800,5800,2.3414,1.5793,617.75,336.19,665.11
2026-03-10T10:00,85,48.7,5800,5800,1.4655,0.8397,553.07,334.96,556.9
2026-03-10T11:00,40.4,146.6,5500,5500,0.7345,2.6655,456.85,274.4,453.35
2026-03-10T12:00,29,23.4,5200,5200,0.5577,0.45,430.93,228.85,402.77
2026-03-10T13:00,60.8,87.7,5200,5200,1.1692,1.6865,389.79,223.72,396.06
2026-03-10T14:00,65.6,12.9,5200,5200,1.2615,0.2481,395.32,151.68,380.72
2026-03-10T15:00,226.7,1.6,5200,5200,4.3596,0.0308,438.91,217.14,383.11
2026-03-10T16:00,137.7,13.7,5200,5200,2.6481,0.2635,443.54,234.16,397.81
2026-03-10T17:00,58.4,17.6,5350,5350,1.0916,0.329,461.63,208.74,418.66
2026-03-10T18:00,1.7,406.3,6000,6000,0.0283,6.7717,340.96,181.79,435.2
2026-03-10T19:00,27.9,180.4,5950,5950,0.4689,3.0319,532.01,333.13,601.45
2026-03-10T20:00,2.8,123.6,4900,4900,0.0571,2.5224,410.24,469.29,762.47
2026-03-10T21:00,13.7,81.4,4800,4800,0.2854,1.6958,541.2,444.94,988.61
2026-03-10T22:00,39.4,189.7,4300,4400,0.9163,4.3114,551.97,413.43,882.1
2026-03-10T23:00,64.8,133.3,4000,4400,1.62,3.0295,541.81,399.23,710.95
2026-03-11T00:00,16,216.9,4200,4400,0.381,4.9295,484.64,428.04,621.02
2026-03-11T01:00,42.9,33.7,4400,4400,0.975,0.7659,514.86,290.4,562.69
2026-03-11T02:00,19.3,66.3,4000,4000,0.4825,1.6575,443.16,250.68,496.31
2026-03-11T03:00,2.8,186.1,4000,4000,0.07,4.6525,427.88,286.12,481.16
2026-03-11T04:00,2.9,243.1,4000,4000,0.0725,6.0775,383.34,268.75,448.03
2026-03-11T05:00,4.7,228.9,4000,4000,0.1175,5.7225,404.09,274.57,464.52
2026-03-11T06:00,51.6,178,4100,4000,1.2585,4.45,463.49,295.14,492.79
2026-03-11T07:00,132.7,367.7,4800,4600,2.7646,7.9935,464.78,255.1,517.14
2026-03-11T08:00,140.1,35.3,5000,4900,2.802,0.7204,520.51,388.6,577.55
2026-03-11T09:00,387.4,59.2,5800,5800,6.6793,1.0207,546.64,359.55,499.76
2026-03-11T10:00,24.4,211.9,5800,5800,0.4207,3.6534,229.46,116.08,280.54
2026-03-11T11:00,5.3,394.9,5500,5500,0.0964,7.18,73.72,-16.06,129.21
2026-03-11T12:00,2.9,786.8,5200,5200,0.0558,15.1308,20.84,-35.59,79.29
2026-03-11T13:00,3.7,175.6,5200,5200,0.0712,3.3769,85.65,-16.58,60.85
2026-03-11T14:00,18.4,48.4,5200,5200,0.3538,0.9308,110.92,4.36,91.29
2026-03-11T15:00,16.4,245.7,5200,5200,0.3154,4.725,92.86,-13.48,132.5
2026-03-11T16:00,12.8,67.7,5200,5200,0.2462,1.3019,101.23,4.45,158.76
2026-03-11T17:00,53.7,179.5,5350,5350,1.0037,3.3551,168.37,8.79,214.86
2026-03-11T18:00,86,151.6,6000,6000,1.4333,2.5267,333.98,84.86,357.68
2026-03-11T19:00,463.6,0.5,5950,5950,7.7916,0.0084,674.63,447.28,516.34
2026-03-11T20:00,236.3,11.2,4900,4900,4.8224,0.2286,604.46,265.09,652.28
2026-03-11T21:00,96.6,81.4,4800,4800,2.0125,1.6958,521.55,417.61,951.79
2026-03-11T22:00,27.6,233.4,4300,4400,0.6419,5.3045,477.97,393.89,687.4
2026-03-11T23:00,10.1,62.9,4000,4400,0.2525,1.4295,431.21,328.52,596.45
2026-03-12T00:00,7.8,111.6,4200,4400,0.1857,2.5364,426.47,333.95,537.53
2026-03-12T01:00,264.1,22.9,4400,4400,6.0023,0.5205,464.59,242.55,401.87
2026-03-12T02:00,9.3,52.8,4000,4000,0.2325,1.32,345.29,297.79,376.96
2026-03-12T03:00,8.6,32.2,4000,4000,0.215,0.805,311.87,270.55,377.78
2026-03-12T04:00,48.2,10.5,4000,4000,1.205,0.2625,393.12,219.65,374.68
2026-03-12T05:00,293.6,0.6,4000,4000,7.34,0.015,463.62,303.49,376.52
2026-03-12T06:00,102,46.3,4100,4000,2.4878,1.1575,403,311.55,380
2026-03-12T07:00,104.7,20.8,4800,4600,2.1813,0.4522,454.73,166.38,401.64
2026-03-12T08:00,35.1,64.8,5000,4900,0.702,1.3224,435.16,268.32,449.54
2026-03-12T09:00,22.9,210.4,5800,5800,0.3948,3.6276,427.04,224.17,399.52
2026-03-12T10:00,21.4,354.2,5800,5800,0.369,6.1069,243.9,-34.81,208.61
2026-03-12T11:00,3.3,441.1,5500,5500,0.06,8.02,0.37,-36.26,15.46
2026-03-12T12:00,19,148.6,5200,5200,0.3654,2.8577,27.93,-14.58,-0.02
2026-03-12T13:00,78,244.3,5200,5200,1.5,4.6981,82.16,-28.59,-0.02
2026-03-12T14:00,4.1,141.3,5200,5200,0.0788,2.7173,0.39,-11.43,-0.04
2026-03-12T15:00,114.6,190.3,5200,5200,2.2038,3.6596,13.17,-14.54,-0.03
2026-03-12T16:00,1,312.7,5200,5200,0.0192,6.0135,0,-22.41,-0.03
2026-03-12T17:00,2.7,310.5,5350,5350,0.0505,5.8037,-13.35,-25.89,-0.01
2026-03-12T18:00,96.5,68.6,6000,6000,1.6083,1.1433,91.99,-10.51,52.09
2026-03-12T19:00,263.4,16.1,5950,5950,4.4269,0.2706,444.99,230.99,319.35
2026-03-12T20:00,89.6,30.9,4900,4900,1.8286,0.6306,483.51,269.68,529.53
2026-03-12T21:00,23.9,90.6,4800,4800,0.4979,1.8875,487.72,451.3,677.97
2026-03-12T22:00,27.2,125.1,4300,4400,0.6326,2.8432,481.11,381.15,607.88
2026-03-12T23:00,139.8,82.2,4000,4400,3.495,1.8682,451.51,293.84,476.74
2026-03-13T00:00,8.1,202.3,4200,4400,0.1929,4.5977,460.52,239.33,409.09
2026-03-13T01:00,81.4,159,4400,4400,1.85,3.6136,297.94,123.67,250.43
2026-03-13T02:00,79.7,20.3,4000,4000,1.9925,0.5075,249.66,71.3,206.04
2026-03-13T03:00,73.2,4.3,4000,4000,1.83,0.1075,237.57,16.83,161.24
2026-03-13T04:00,68.9,101.6,4000,4000,1.7225,2.54,212.98,124.37,163.28
2026-03-13T05:00,128.2,107.7,4000,4000,3.205,2.6925,257.73,39.42,154.06
2026-03-13T06:00,4.3,195.1,4100,4000,0.1049,4.8775,155.99,59.64,162.83
2026-03-13T07:00,12.3,420.4,4800,4600,0.2563,9.1391,224.92,21.5,205.7
2026-03-13T08:00,272.6,14.4,5000,4900,5.452,0.2939,444.39,160.48,298.33
2026-03-13T09:00,335.1,44,5800,5800,5.7776,0.7586,340.71,113.09,195.42
2026-03-13T10:00,26.4,179.3,5800,5800,0.4552,3.0914,42.43,-15.62,38.16
2026-03-13T11:00,2.4,266.8,5500,5500,0.0436,4.8509,11.61,-20.95,0.92
2026-03-13T12:00,120.2,62.2,5200,5200,2.3115,1.1962,15.14,-3.47,-0.03
2026-03-13T13:00,6.2,136.6,5200,5200,0.1192,2.6269,0.23,-21.86,-1.49
2026-03-13T14:00,133.7,72.2,5200,5200,2.5712,1.3885,8.34,-6.29,-1.78
2026-03-13T15:00,152,93.7,5200,5200,2.9231,1.8019,13.36,-7.02,-1.98
2026-03-13T16:00,12.7,247.2,5200,5200,0.2442,4.7538,1.9,-15.01,-1.04
2026-03-13T17:00,135.8,46.9,5350,5350,2.5383,0.8766,73.92,-4.96,-0.02
2026-03-13T18:00,438.3,12.5,6000,6000,7.305,0.2083,270.56,18.17,9.79
2026-03-13T19:00,546.4,10,5950,5950,9.1832,0.1681,469.47,183.49,196.86
2026-03-13T20:00,12.5,465.1,4900,4900,0.2551,9.4918,244.23,149.7,379.48
2026-03-13T21:00,0,657.4,4800,4800,0,13.6958,200,36.34,384.81
2026-03-13T22:00,13.3,396.2,4300,4400,0.3093,9.0045,249.69,-378.64,364.16
2026-03-13T23:00,8.5,249.2,4000,4400,0.2125,5.6636,214.85,73.94,301.28
2026-03-14T00:00,36.4,300.2,4200,4400,0.8667,6.8227,206.62,-79.82,170.58
2026-03-14T01:00,237.2,28.2,4200,4200,5.6476,0.6714,386.82,57.78,139.21
2026-03-14T02:00,38.5,17.7,4000,4000,0.9625,0.4425,211.67,32.38,80.32
2026-03-14T03:00,74.5,16.2,4000,4000,1.8625,0.405,186.51,5.37,44.59
2026-03-14T04:00,13.8,85.9,4000,4000,0.345,2.1475,66.76,-25.57,37.69
2026-03-14T05:00,137.3,6.5,4000,4000,3.4325,0.1625,242.08,2.97,31.25
2026-03-14T06:00,71.3,14.3,4000,4000,1.7825,0.3575,175.8,9.63,39.25
2026-03-14T07:00,225.3,130.8,4000,4000,5.6325,3.27,320.38,-54.19,41.02
2026-03-14T08:00,216.1,14.5,4900,4800,4.4102,0.3021,261.75,18.07,51.4
2026-03-14T09:00,668.4,0.3,5800,5800,11.5241,0.0052,507.01,16.69,30.61
2026-03-14T10:00,156,10.9,5800,5800,2.6897,0.1879,222.55,1.2,14.76
2026-03-14T11:00,10.6,403.1,5500,5500,0.1927,7.3291,26.61,-165.84,1.7
2026-03-14T12:00,251.6,127.2,5200,5200,4.8385,2.4462,169.44,-11.4,0
2026-03-14T13:00,8.2,446.4,5200,5200,0.1577,8.5846,1.94,-26.57,-0.01
2026-03-14T14:00,0,508.3,5200,5200,0,9.775,0,-27.75,0
2026-03-14T15:00,0,644,5200,5200,0,12.3846,0,-37.56,0
2026-03-14T16:00,8.4,557.7,5200,5200,0.1615,10.725,0.87,-111.25,0
2026-03-14T17:00,7.2,231.2,5350,5350,0.1346,4.3215,4.6,-33.16,0.93
2026-03-14T18:00,83.8,194.4,6000,6000,1.3967,3.24,72.53,-18.07,14.79
2026-03-14T19:00,204.1,51,5950,5950,3.4303,0.8571,137.37,21.23,63.78
2026-03-14T20:00,121.4,90,4900,4900,2.4776,1.8367,205.26,4.7,135.03
2026-03-14T21:00,4.2,178.7,4800,4800,0.0875,3.7229,166.26,46.87,182.76
2026-03-14T22:00,92.7,44.4,4300,4000,2.1558,1.11,215.6,49.88,182.28
2026-03-14T23:00,190.7,12.6,4000,4000,4.7675,0.315,241.12,54.76,155.04
2026-03-15T00:00,10.9,105.7,4000,4000,0.2725,2.6425,135.16,7.65,135.22
2026-03-15T01:00,443.7,57.9,4200,4200,10.5643,1.3786,493.04,-7.96,17.43
2026-03-15T02:00,160.6,7.9,4000,4000,4.015,0.1975,222.52,-4.47,9.7
2026-03-15T03:00,93.3,8.2,4000,4000,2.3325,0.205,151.87,3.6,15.12
2026-03-15T04:00,54.2,5.4,4000,4000,1.355,0.135,371.13,1.41,7.75
2026-03-15T05:00,60.7,21.4,4000,4000,1.5175,0.535,124.77,-4.19,4.26
2026-03-15T06:00,120.3,201.1,4000,4000,3.0075,5.0275,116.76,-66.21,3.28
2026-03-15T07:00,96.5,103.6,4000,4000,2.4125,2.59,118.18,-28.22,3.74
2026-03-15T08:00,175.5,54.5,4900,4800,3.5816,1.1354,194.45,-47.52,6.51
2026-03-15T09:00,0.9,586.7,5800,5800,0.0155,10.1155,-45.03,-120.43,1.46
2026-03-15T10:00,0,1219.6,5800,5800,0,21.0276,-48.43,-874.81,-2.44
2026-03-15T11:00,6.8,197.8,5500,5500,0.1236,3.5964,4.24,-29.65,-7.32
2026-03-15T12:00,14.4,180.3,5200,5200,0.2769,3.4673,11.48,-18.27,-8.4
2026-03-15T13:00,53.8,132.9,5200,5200,1.0346,2.5558,0.96,-18.2,-8.4
2026-03-15T14:00,11.8,413.1,5200,5200,0.2269,7.9442,0.73,-42.4,-8.4
2026-03-15T15:00,12.6,128.4,5200,5200,0.2423,2.4692,6.29,-14.67,-8.4
2026-03-15T16:00,5.9,132.7,5200,5200,0.1135,2.5519,-1.6,-19.8,-8.4
2026-03-15T17:00,19,61.9,5350,5350,0.3551,1.157,119.85,-8.3,-8.4
2026-03-15T18:00,97.6,44,6000,6000,1.6267,0.7333,30.51,-3.39,-3.83
2026-03-15T19:00,372.4,32.1,5950,5950,6.2588,0.5395,283.54,4.27,18.46
2026-03-15T20:00,76.9,184.2,4900,4900,1.5694,3.7592,285.35,-204.95,77.35
2026-03-15T21:00,53.3,42.7,4800,4800,1.1104,0.8896,150.06,84.41,139.19
2026-03-15T22:00,38.5,140.6,4300,4000,0.8953,3.515,203.68,-253.23,140.03
2026-03-15T23:00,99.1,26.6,4000,4000,2.4775,0.665,154.65,56.16,135.11
2026-03-16T00:00,6.1,116.3,4000,4000,0.1525,2.9075,83.65,25.4,103.19
2026-03-16T01:00,10.2,20.2,4400,4400,0.2318,0.4591,51.81,-1.45,27.37
2026-03-16T02:00,35.3,12.4,4000,4000,0.8825,0.31,122.01,2.01,26.62
2026-03-16T03:00,6.2,156.4,4000,4000,0.155,3.91,52.21,-70.52,21.74
2026-03-16T04:00,3.6,106.2,4000,4000,0.09,2.655,22.76,-46.84,19.64
2026-03-16T05:00,14.1,15.3,4000,4000,0.3525,0.3825,106.08,1.05,19.27
2026-03-16T06:00,8.2,262.2,4100,4000,0.2,6.555,54.35,-128.27,22.8
2026-03-16T07:00,218.9,44.5,4800,4600,4.5604,0.9674,321.21,-40.87,51.73
2026-03-16T08:00,147.3,5.5,5000,4900,2.946,0.1122,294.95,17.69,121.32
2026-03-16T09:00,69.2,649.8,5800,5800,1.1931,11.2034,88.69,-932.72,55.08
2026-03-16T10:00,86.9,319.2,5800,5800,1.4983,5.5034,82.91,-759.94,3.25
2026-03-16T11:00,9.6,234.3,5500,5500,0.1745,4.26,17.14,-14.97,-2.46
2026-03-16T12:00,2.5,106,5200,5200,0.0481,2.0385,3.36,-6.3,-4.52
2026-03-16T13:00,57.4,11,5200,5200,1.1038,0.2115,117.94,-0.49,-7.03
2026-03-16T14:00,293.3,33.6,5200,5200,5.6404,0.6462,102.65,-21.83,-5.99
2026-03-16T15:00,259.5,44.7,5200,5200,4.9904,0.8596,106.07,-4.97,-4.01
2026-03-16T16:00,8.2,306,5200,5200,0.1577,5.8846,10.97,-15.25,-3.63
2026-03-16T17:00,52.5,55.4,5350,5350,0.9813,1.0355,43.21,-2.32,-1.67
2026-03-16T18:00,24.9,321.3,6000,6000,0.415,5.355,23.5,-23.15,14.69
2026-03-16T19:00,0,187.9,5950,5950,0,3.158,-5,-16.44,241.54
2026-03-16T20:00,313.7,11.5,4900,4900,6.402,0.2347,365.47,336.85,690.85
2026-03-16T21:00,21.8,95.8,4800,4800,0.4542,1.9958,392.47,322.23,760.92
2026-03-16T22:00,0.6,195.7,4300,4400,0.014,4.4477,341.81,214.25,637.75
2026-03-16T23:00,11.7,33.1,4000,4400,0.2925,0.7523,384.22,252.64,497.03
2026-03-17T00:00,61.9,119.6,4200,4400,1.4738,2.7182,373.76,107.71,387.16
2026-03-17T01:00,1.1,200.8,4400,4400,0.025,4.5636,290.47,206.13,434
2026-03-17T02:00,0.8,241.8,4000,4000,0.02,6.045,270.48,152.02,338.76
2026-03-17T03:00,4.9,162.9,4000,4000,0.1225,4.0725,219.84,117.72,255.56
2026-03-17T04:00,5.8,31.9,4000,4000,0.145,0.7975,175.88,122.33,206.86
2026-03-17T05:00,98.2,25.1,4000,4000,2.455,0.6275,216.23,120.01,192.73
2026-03-17T06:00,2.3,185.9,4100,4000,0.0561,4.6475,185.28,89.71,238
2026-03-17T07:00,4.2,264.3,4800,4600,0.0875,5.7457,225.79,116.27,265.73
2026-03-17T08:00,9.8,159.5,5000,4900,0.196,3.2551,349.95,203.43,431.5
2026-03-17T09:00,48.8,186.7,5800,5800,0.8414,3.219,321.17,70.29,184.22
2026-03-17T10:00,108.7,200.3,5800,5800,1.8741,3.4534,173.13,-28.68,8.81
2026-03-17T11:00,0,0,5500,5500,0,0,0,0,-0.53
2026-03-17T12:00,0,0,5200,5200,0,0,0,0,-3.04
2026-03-17T13:00,0,0,5200,5200,0,0,0,0,-3.82
2026-03-17T14:00,0,0,5200,5200,0,0,0,0,-4.5
2026-03-17T15:00,0,0,5200,5200,0,0,0,0,-5.47
2026-03-17T16:00,0,0,5200,5200,0,0,0,0,-3.83
2026-03-17T17:00,30.8,45.6,5350,5350,0.5757,0.8523,36.95,-3.86,-2.13
2026-03-17T18:00,236.7,146.7,6000,6000,3.945,2.445,218.01,-8.45,13.11
2026-03-17T19:00,317.7,169.2,5950,5950,5.3395,2.8437,420.22,38.17,240.99
2026-03-17T20:00,0.2,235.8,4900,4900,0.0041,4.8122,368.58,314.34,535.85
2026-03-17T21:00,1.2,199.1,4800,4800,0.025,4.1479,337.18,319.52,517.6
2026-03-17T22:00,20.1,415.5,4300,4400,0.4674,9.4432,307.43,146.73,395.79
2026-03-17T23:00,40.9,117.1,4000,4400,1.0225,2.6614,266.85,170.52,279.88
2026-03-18T00:00,0.3,381.7,4200,4400,0.0071,8.675,137.52,17.81,192.71
2026-03-18T01:00,1.6,158.4,4400,4400,0.0364,3.6,211.19,0.18,150.24
2026-03-18T02:00,0,212.1,4000,4000,0,5.3025,45.8,3.61,111.24
2026-03-18T03:00,6.8,41.4,4000,4000,0.17,1.035,131.36,75.96,135.15
2026-03-18T04:00,234,153.2,4000,4000,5.85,3.83,339.24,19.84,114.49
2026-03-18T05:00,165.9,9.1,4000,4000,4.1475,0.2275,273.79,30.73,114.8
2026-03-18T06:00,102.3,53.5,4100,4000,2.4951,1.3375,236.06,30.71,113.6
2026-03-18T07:00,72.9,60.2,4800,4600,1.5188,1.3087,246.21,120.5,207.14
2026-03-18T08:00,9.7,31.7,5000,4900,0.194,0.6469,262.08,159.28,264.24
2026-03-18T09:00,1.1,298.5,5800,5800,0.019,5.1466,154.55,17.67,175.74
2026-03-18T10:00,47.3,287.2,5800,5800,0.8155,4.9517,112.34,-38.74,71.12
2026-03-18T11:00,0,824.8,5500,5500,0,14.9964,0,-287.5,12.05
2026-03-18T12:00,196.4,226,5200,5200,3.7769,4.3462,71.47,-62.68,2.35
2026-03-18T13:00,227,202.1,5200,5200,4.3654,3.8865,37.32,-28.7,0
2026-03-18T14:00,338.7,13.5,5200,5200,6.5135,0.2596,143.03,-0.16,-0.04
2026-03-18T15:00,390.3,15.3,5200,5200,7.5058,0.2942,138.07,-0.01,-0.04
2026-03-18T16:00,216.6,4.1,5200,5200,4.1654,0.0788,44.06,-0.71,0
2026-03-18T17:00,461.5,4.2,5350,5350,8.6262,0.0785,229.16,-2.49,2.41
2026-03-18T18:00,206.7,45.5,6000,6000,3.445,0.7583,148.62,11.69,30.13
2026-03-18T19:00,517.5,9.4,5950,5950,8.6975,0.158,430.5,159.34,164.07
2026-03-18T20:00,384.3,0,4900,4900,7.8429,0,866.97,272.73,256.9
2026-03-18T21:00,222.1,15.5,4800,4800,4.6271,0.3229,355.66,124.56,307.52
2026-03-18T22:00,49.1,199.6,4300,4400,1.1419,4.5364,236.31,76.11,249.25
2026-03-18T23:00,25.9,368.1,4000,4400,0.6475,8.3659,191.98,-87.96,184.86
2026-03-19T00:00,8.2,245.7,4200,4400,0.1952,5.5841,126.41,-28.46,105.08
2026-03-19T01:00,0,604.3,4400,4400,0,13.7341,100.82,-204.56,112.85
2026-03-19T02:00,3.2,133.8,4000,4000,0.08,3.345,98.41,-0.78,105.6
2026-03-19T03:00,126.1,1.3,4000,4000,3.1525,0.0325,278.51,6.07,82.46
2026-03-19T04:00,185.5,2.8,4000,4000,4.6375,0.07,324.39,15.63,60.43
2026-03-19T05:00,8.4,4.1,4000,4000,0.21,0.1025,137.67,16.03,61.44
2026-03-19T06:00,25.9,181.2,4100,4000,0.6317,4.53,149.29,-29.85,93.41
2026-03-19T07:00,2.4,264.4,4800,4600,0.05,5.7478,120.26,-19,117.17
2026-03-19T08:00,23.3,366.5,5000,4900,0.466,7.4796,154.56,-23.05,145.06
2026-03-19T09:00,27.2,143.3,5800,5800,0.469,2.4707,104.86,-8.81,91.4
2026-03-19T10:00,77.8,219.5,5800,5800,1.3414,3.7845,79.36,-46.52,27.35
2026-03-19T11:00,1.9,696,5500,5500,0.0345,12.6545,8.02,-325.36,0
2026-03-19T12:00,25.6,75.8,5200,5200,0.4923,1.4577,9.31,-5.72,-0.01
2026-03-19T13:00,12.9,23.2,5200,5200,0.2481,0.4462,70.76,-4.35,-0.03
2026-03-19T14:00,2,511,5200,5200,0.0385,9.8269,0,-40.62,-0.04
2026-03-19T15:00,244.7,7.6,5200,5200,4.7058,0.1462,53.66,-3.32,-0.02
2026-03-19T16:00,466.2,13.3,5200,5200,8.9654,0.2558,231.72,0.31,0
2026-03-19T17:00,230.5,38.1,5350,5350,4.3084,0.7121,547.8,-4.5,1.34
2026-03-19T18:00,161.7,62.8,6000,6000,2.695,1.0467,219.45,-8.69,49.98
2026-03-19T19:00,40.6,168.4,5950,5950,0.6824,2.8303,143.37,21.15,127.3
2026-03-19T20:00,0.8,405.5,4900,4900,0.0163,8.2755,263.44,90.27,312.19
2026-03-19T21:00,0,184.9,4800,4800,0,3.8521,248.91,147.64,320.49
2026-03-19T22:00,8.1,80.9,4300,4400,0.1884,1.8386,232.98,147.82,255.18
2026-03-19T23:00,3.7,56.9,4000,4400,0.0925,1.2932,206.64,129.77,240.05
2026-03-20T00:00,115.9,35.7,4200,4400,2.7595,0.8114,329.49,72.44,191.9
2026-03-20T01:00,202,12.3,4400,4400,4.5909,0.2795,292.41,18.06,88.34
2026-03-20T02:00,43.7,2.3,4000,4000,1.0925,0.0575,162.52,41.21,117.92
2026-03-20T03:00,178,28.9,4000,4000,4.45,0.7225,185.24,5.82,93.84
2026-03-20T04:00,105.5,13.1,4000,4000,2.6375,0.3275,172.47,1.19,66.89
2026-03-20T05:00,7.4,162.1,4000,4000,0.185,4.0525,99.74,-35.31,94.38
2026-03-20T06:00,0,308.5,4100,4000,0,7.7125,130.68,-33.73,152.53
2026-03-20T07:00,50.5,212.1,4800,4600,1.0521,4.6109,187.53,36.97,183.12
2026-03-20T08:00,121.7,7.5,5000,4900,2.434,0.1531,251.98,105.54,234.11
2026-03-20T09:00,131.2,7.5,5800,5800,2.2621,0.1293,268.78,152.29,196.06
2026-03-20T10:00,111.6,4.1,5800,5800,1.9241,0.0707,227.32,122.36,145.15
2026-03-20T11:00,3.7,478,5500,5500,0.0673,8.6909,40.72,-54.38,78.01
2026-03-20T12:00,3.5,307.4,5200,5200,0.0673,5.9115,4.59,-27.19,15.89
2026-03-20T13:00,1.3,725.6,5200,5200,0.025,13.9538,2.23,-75.62,16
2026-03-20T14:00,140.9,430.9,5200,5200,2.7096,8.2865,37.08,-46.74,5.48
2026-03-20T15:00,146.5,162,5200,5200,2.8173,3.1154,29.12,-13.95,8.96
2026-03-20T16:00,248.2,13.4,5200,5200,4.7731,0.2577,145.71,4.31,13.1
2026-03-20T17:00,12.6,86.7,5350,5350,0.2355,1.6206,41.96,-4.93,44.09
2026-03-20T18:00,37.3,44.2,6000,6000,0.6217,0.7367,151.41,49.97,138.06
2026-03-20T19:00,89.3,17,5950,5950,1.5008,0.2857,344.87,138.09,242.64
2026-03-20T20:00,163.5,8.5,4900,4900,3.3367,0.1735,479.67,227.18,394.88
2026-03-20T21:00,4.3,278.2,4800,4800,0.0896,5.7958,255.08,165.35,380.41
2026-03-20T22:00,9.6,13.8,4300,4400,0.2233,0.3136,284.26,223.29,315.51
2026-03-20T23:00,58.9,5.8,4000,4400,1.4725,0.1318,332.42,168.01,314
2026-03-21T00:00,85.3,7.8,4200,4400,2.031,0.1773,269.12,133.13,267
2026-03-21T01:00,51.3,144.3,4200,4200,1.2214,3.4357,246.33,50.74,233.27
2026-03-21T02:00,3,116.5,4000,4000,0.075,2.9125,267.6,76.37,207.21
2026-03-21T03:00,0.3,189.5,4000,4000,0.0075,4.7375,173.4,62.43,188.88
2026-03-21T04:00,18,7.4,4000,4000,0.45,0.185,196.13,72.33,162.48
2026-03-21T05:00,107.6,6.1,4000,4000,2.69,0.1525,246.94,28.63,164.4
2026-03-21T06:00,344.3,0.9,4000,4000,8.6075,0.0225,313.54,110.82,185.6
2026-03-21T07:00,225.6,1.5,4000,4000,5.64,0.0375,330.87,122.88,225.41
2026-03-21T08:00,198,35.1,4900,4800,4.0408,0.7313,312.82,250.89,227.7
2026-03-21T09:00,0.4,277.1,5800,5800,0.0069,4.7776,159.56,21.93,180.77
2026-03-21T10:00,122.8,36.2,5800,5800,2.1172,0.6241,162.32,19.96,100.69
2026-03-21T11:00,12.4,110.1,5500,5500,0.2255,2.0018,16.17,-3.96,55.26
2026-03-21T12:00,6.9,112.2,5200,5200,0.1327,2.1577,8.42,-6.67,42.6
2026-03-21T13:00,107.5,9,5200,5200,2.0673,0.1731,65.97,-0.19,28.67
2026-03-21T14:00,55.7,16.4,5200,5200,1.0712,0.3154,44.97,-1.19,20
2026-03-21T15:00,6.8,84.5,5200,5200,0.1308,1.625,10.61,-10.16,20
2026-03-21T16:00,152,453.5,5200,5200,2.9231,8.7212,100.07,-34.84,19.86
2026-03-21T17:00,500,8.1,5350,5350,9.3458,0.1514,429.26,14.63,27.85
2026-03-21T18:00,6.4,219.1,6000,6000,0.1067,3.6517,39.16,-12.58,96.98
2026-03-21T19:00,0.6,274.1,5950,5950,0.0101,4.6067,229.42,104.59,263.41
2026-03-21T20:00,26,10.4,4900,4900,0.5306,0.2122,372.01,214.32,372.12
2026-03-21T21:00,0.8,197.6,4800,4800,0.0167,4.1167,257.54,159.55,331.33
2026-03-21T22:00,102.8,39,4300,4000,2.3907,0.975,389.67,135.77,290.58
2026-03-21T23:00,2.4,199.1,4000,4000,0.06,4.9775,262.41,132.95,292.12
2026-03-22T00:00,1,131.2,4000,4000,0.025,3.28,247.79,106.3,243.63
2026-03-22T01:00,2.9,63.9,4200,4200,0.069,1.5214,254.71,161.32,294.66
2026-03-22T02:00,2.9,84.6,4000,4000,0.0725,2.115,245.65,135.15,232
2026-03-22T03:00,11,61.8,4000,4000,0.275,1.545,234.81,94.53,183.52
2026-03-22T04:00,17.8,13.4,4000,4000,0.445,0.335,211.01,61.19,164.8
2026-03-22T05:00,1.1,117.8,4000,4000,0.0275,2.945,164.5,61.79,166.22
2026-03-22T06:00,2.6,169.3,4000,4000,0.065,4.2325,148.74,58.19,157.12
2026-03-22T07:00,1.2,329.5,4000,4000,0.03,8.2375,154.98,32,179.39
2026-03-22T08:00,18.2,209.9,4900,4800,0.3714,4.3729,264.82,85.77,196.06
2026-03-22T09:00,311,64.8,5800,5800,5.3621,1.1172,296.1,17.22,123.27
2026-03-22T10:00,73.4,41.9,5800,5800,1.2655,0.7224,30.26,-8.06,15.26
2026-03-22T11:00,114.1,171.7,5500,5500,2.0745,3.1218,17.13,-15.03,-1.28
2026-03-22T12:00,76.7,11.1,5200,5200,1.475,0.2135,39.22,-0.99,-11.02
2026-03-22T13:00,159.2,13.3,5200,5200,3.0615,0.2558,19.94,-2.14,-5.52
2026-03-22T14:00,131.5,5.6,5200,5200,2.5288,0.1077,12.06,-7.66,-14.12
2026-03-22T15:00,88.2,138.6,5200,5200,1.6962,2.6654,14.06,-9.6,-5.14
2026-03-22T16:00,4.6,201.2,5200,5200,0.0885,3.8692,0.54,-11.3,-3.31
2026-03-22T17:00,1.8,274.3,5350,5350,0.0336,5.1271,-46,-11.46,-3.04
2026-03-22T18:00,79.7,126.8,6000,6000,1.3283,2.1133,29.63,-5.97,0.4
2026-03-22T19:00,77.7,209.3,5950,5950,1.3059,3.5176,58.02,-37.79,53.25
2026-03-22T20:00,84.7,192.9,4900,4900,1.7286,3.9367,317.43,-265.52,205.48
2026-03-22T21:00,2,225.3,4800,4800,0.0417,4.6938,309.03,125,308.9
2026-03-22T22:00,53.3,95,4300,4000,1.2395,2.375,325.72,112.78,243.43
2026-03-22T23:00,194.7,1.5,4000,4000,4.8675,0.0375,334.31,90.19,146.23
2026-03-23T00:00,48,62.1,4000,4000,1.2,1.5525,206.47,7.13,75.9
2026-03-23T01:00,215.5,118.9,4400,4400,4.8977,2.7023,389.85,-31.7,67.39
2026-03-23T02:00,151.7,24.5,4000,4000,3.7925,0.6125,273.66,-1.78,44.24
2026-03-23T03:00,151.1,9.8,4000,4000,3.7775,0.245,302.86,2.14,33.76
2026-03-23T04:00,47.4,216.7,4000,4000,1.185,5.4175,108.99,-60.74,38.31
2026-03-23T05:00,54,82.4,4000,4000,1.35,2.06,108.48,-15.68,44.56
2026-03-23T06:00,99,42,4100,4000,2.4146,1.05,238.13,-13.52,56.64
2026-03-23T07:00,179.9,75.3,4800,4600,3.7479,1.637,378.01,45.34,160.62
2026-03-23T08:00,26.3,127.8,5000,4900,0.526,2.6082,268.57,108,272.21
2026-03-23T09:00,29.6,359.5,5800,5800,0.5103,6.1983,197.84,-22.07,176.41
2026-03-23T10:00,0,1163.3,5800,5800,0,20.0569,-42.13,-2159.59,7.87
2026-03-23T11:00,120.4,427.3,5500,5500,2.1891,7.7691,30.41,-34.12,0
2026-03-23T12:00,4.9,630,5200,5200,0.0942,12.1154,0,-36.79,-0.06
2026-03-23T13:00,72.9,372.8,5200,5200,1.4019,7.1692,6.2,-20.02,-0.08
2026-03-23T14:00,502.1,0.1,5200,5200,9.6558,0.0019,44.69,2.96,-0.04
2026-03-23T15:00,573.9,49.5,5200,5200,11.0365,0.9519,170.79,-1.54,-0.01
2026-03-23T16:00,2.6,255.3,5200,5200,0.05,4.9096,7.68,-19.02,0
2026-03-23T17:00,3.3,589.8,5350,5350,0.0617,11.0243,-38.35,-34.77,2.19
2026-03-23T18:00,28.6,213.6,6000,6000,0.4767,3.56,32.96,-17.04,41.57
2026-03-23T19:00,238.7,14.7,5950,5950,4.0118,0.2471,273.33,146.42,154.01
2026-03-23T20:00,301.5,12.4,4900,4900,6.1531,0.2531,563.04,440.71,430.37
2026-03-23T21:00,25.5,207.9,4800,4800,0.5312,4.3313,360.33,285.17,585.6
2026-03-23T22:00,0.5,227,4300,4400,0.0116,5.1591,300.09,208.39,483.76
2026-03-23T23:00,2.4,235.5,4000,4400,0.06,5.3523,261.98,146.58,390.99
2026-03-24T00:00,3.4,303.5,4200,4400,0.081,6.8977,250.34,93.95,255.82
2026-03-24T01:00,404.4,49.9,4400,4400,9.1909,1.1341,446.94,127.51,269.03
2026-03-24T02:00,87.3,5.8,4000,4000,2.1825,0.145,274.12,166.08,232.6
2026-03-24T03:00,14.6,173.7,4000,4000,0.365,4.3425,210.1,58.24,230.47
2026-03-24T04:00,37.9,51.4,4000,4000,0.9475,1.285,235.68,116.8,233.6
2026-03-24T05:00,10.1,78.6,4000,4000,0.2525,1.965,212.87,137.8,232.56
2026-03-24T06:00,103.3,30.8,4100,4000,2.5195,0.77,307.29,131.67,265.81
2026-03-24T07:00,69.3,32.3,4800,4600,1.4437,0.7022,338.05,212.51,365.69
2026-03-24T08:00,44.9,6.6,5000,4900,0.898,0.1347,393.97,289.6,440.64
2026-03-24T09:00,222.9,433.2,5800,5800,3.8431,7.469,233.83,-22.34,216.53
2026-03-24T10:00,142.7,283.8,5800,5800,2.4603,4.8931,125.01,-23.41,34.02
2026-03-24T11:00,2.2,255,5500,5500,0.04,4.6364,0.8,-14.91,0.84
2026-03-24T12:00,6.1,162.3,5200,5200,0.1173,3.1212,2.63,-7.53,-0.03
2026-03-24T13:00,157.8,229.2,5200,5200,3.0346,4.4077,59.55,-13.13,-0.14
2026-03-24T14:00,202.2,8.1,5200,5200,3.8885,0.1558,50.25,-2.15,-0.04
2026-03-24T15:00,47.1,9.9,5200,5200,0.9058,0.1904,4.92,-0.32,-0.03
2026-03-24T16:00,146.7,23.5,5200,5200,2.8212,0.4519,15.45,1.14,0
2026-03-24T17:00,159.6,14.7,5350,5350,2.9832,0.2748,23.14,-11.9,2.04
2026-03-24T18:00,97.8,117.7,6000,6000,1.63,1.9617,49.46,-9.73,79.06
2026-03-24T19:00,320.7,197.8,5950,5950,5.3899,3.3244,430.76,164.83,267.09
2026-03-24T20:00,104.9,3.9,4900,4900,2.1408,0.0796,493.9,133.7,510.87
2026-03-24T21:00,34.2,115,4800,4800,0.7125,2.3958,447.6,378.97,607.3
2026-03-24T22:00,149.5,17.7,4300,4400,3.4767,0.4023,542.37,368.58,554.95
2026-03-24T23:00,17.5,50.4,4000,4400,0.4375,1.1455,354.92,204.07,413.99
2026-03-25T00:00,28,239.2,4200,4400,0.6667,5.4364,245.49,68.2,259.53
2026-03-25T01:00,79.9,37.6,4400,4400,1.8159,0.8545,239.94,54.17,165.04
2026-03-25T02:00,7.2,143.9,4000,4000,0.18,3.5975,141.21,24.07,140.06
2026-03-25T03:00,13.5,85.3,4000,4000,0.3375,2.1325,174.22,61.3,159.37
2026-03-25T04:00,25.2,112.5,4000,4000,0.63,2.8125,176.28,59.22,140.08
2026-03-25T05:00,0,216.3,4000,4000,0,5.4075,106.21,29.71,140.05
2026-03-25T06:00,32.2,91.4,4100,4000,0.7854,2.285,191.95,41.31,137.59
2026-03-25T07:00,12.2,90.5,4800,4600,0.2542,1.9674,186.62,53.95,128.64
2026-03-25T08:00,196.2,43.4,5000,4900,3.924,0.8857,262.44,66.65,130.67
2026-03-25T09:00,8.7,693.1,5800,5800,0.15,11.95,-14.59,-151.56,63.54
2026-03-25T10:00,80.1,485.6,5800,5800,1.381,8.3724,-8.05,-1568.86,2.93
2026-03-25T11:00,66.1,329.5,5500,5500,1.2018,5.9909,31.63,-24.45,-0.87
2026-03-25T12:00,100.7,35.8,5200,5200,1.9365,0.6885,38.79,-0.98,-3.03
2026-03-25T13:00,176,5.6,5200,5200,3.3846,0.1077,30.7,-0.19,-3.32
2026-03-25T14:00,268.7,101.9,5200,5200,5.1673,1.9596,15.62,-5.73,-3.5
2026-03-25T15:00,364.2,71.3,5200,5200,7.0038,1.3712,42.56,-7.49,-3.49
2026-03-25T16:00,10.8,175,5200,5200,0.2077,3.3654,59.66,-10.86,-3.31
2026-03-25T17:00,184.4,157.3,5350,5350,3.4467,2.9402,80.58,-13.77,-2.01
2026-03-25T18:00,331.7,1.2,6000,6000,5.5283,0.02,168.54,1.4,3
2026-03-25T19:00,193.1,93.4,5950,5950,3.2454,1.5697,154.92,-27.35,37.72
2026-03-25T20:00,202.6,13.5,4900,4900,4.1347,0.2755,257.24,-0.04,122.31
2026-03-25T21:00,4.4,132.5,4800,4800,0.0917,2.7604,161.32,3.42,140.56
2026-03-25T22:00,6.8,70.1,4300,4400,0.1581,1.5932,170.65,28.44,140.05
2026-03-25T23:00,8.9,97.4,4000,4400,0.2225,2.2136,143.39,-33.49,116.87
2026-03-26T00:00,65.3,42.1,4200,4400,1.5548,0.9568,167.83,-12.92,80.16
2026-03-26T01:00,133.7,24.9,4400,4400,3.0386,0.5659,171.04,-12.91,21.2
2026-03-26T02:00,84.1,65,4000,4000,2.1025,1.625,154.82,-21.59,14.31
2026-03-26T03:00,22.6,139.3,4000,4000,0.565,3.4825,31.69,-37.29,14.04
2026-03-26T04:00,62,38.4,4000,4000,1.55,0.96,111.12,-16.28,14.04
2026-03-26T05:00,77.8,28.3,4000,4000,1.945,0.7075,93.82,-7.09,14.04
2026-03-26T06:00,124.5,36.2,4100,4000,3.0366,0.905,132.6,-2.94,13.53
2026-03-26T07:00,5.8,51.3,4800,4600,0.1208,1.1152,65.63,-18.31,15.68
2026-03-26T08:00,119.4,27.3,5000,4900,2.388,0.5571,149.67,-11.06,14.69
2026-03-26T09:00,350.7,3.5,5800,5800,6.0466,0.0603,187.42,-1.45,3.97
2026-03-26T10:00,177.5,72.3,5800,5800,3.0603,1.2466,47.95,-10.31,-2.87
2026-03-26T11:00,250,101.3,5500,5500,4.5455,1.8418,28.62,-16.19,-7.7
2026-03-26T12:00,150.9,201.4,5200,5200,2.9019,3.8731,43.64,-21.01,-8.8
2026-03-26T13:00,3.4,172.3,5200,5200,0.0654,3.3135,32.87,-16.21,-10.48
2026-03-26T14:00,1.2,415.2,5200,5200,0.0231,7.9846,106.83,-36.22,-8.91
2026-03-26T15:00,14.9,289.5,5200,5200,0.2865,5.5673,61.87,-32.21,-11.43
2026-03-26T16:00,3.9,95.2,5200,5200,0.075,1.8308,64.07,-20.38,-11.44
2026-03-26T17:00,15.9,30,5350,5350,0.2972,0.5607,55.59,-9.62,-8.4
2026-03-26T18:00,662.7,0.6,6000,6000,11.045,0.01,205.09,-3.94,-2.14
2026-03-26T19:00,508.9,3.9,5950,5950,8.5529,0.0655,319.89,4.36,7.03
2026-03-26T20:00,221.6,53.3,4900,4900,4.5224,1.0878,296.06,46.82,75.79
2026-03-26T21:00,41.9,61.7,4800,4800,0.8729,1.2854,232.11,29.66,140
2026-03-26T22:00,77.4,40,4300,4400,1.8,0.9091,200.34,13.38,117.57
2026-03-26T23:00,8,24.8,4000,4400,0.2,0.5636,204.33,3.61,60.65
2026-03-27T00:00,45.8,176.2,4200,4400,1.0905,4.0045,56.62,-48.3,27.69
2026-03-27T01:00,385.5,21,4400,4400,8.7614,0.4773,245.88,-3.54,21.35
2026-03-27T02:00,31.7,28.9,4000,4000,0.7925,0.7225,100.56,-13.7,13.65
2026-03-27T03:00,286.8,29.6,4000,4000,7.17,0.74,161.71,-20.1,11.27
2026-03-27T04:00,77,119.8,4000,4000,1.925,2.995,45.43,-43.94,10.67
2026-03-27T05:00,4.7,206.9,4000,4000,0.1175,5.1725,-4.37,-99.5,9.83
2026-03-27T06:00,18,41.4,4100,4000,0.439,1.035,112.81,-59.93,8.45
2026-03-27T07:00,12.3,166.3,4800,4600,0.2563,3.6152,82.5,-125.1,14.85
2026-03-27T08:00,64.1,40,5000,4900,1.282,0.8163,110.63,-11.82,27.48
2026-03-27T09:00,159.5,38.4,5800,5800,2.75,0.6621,128.08,-5.47,4.46
2026-03-27T10:00,8.6,556.8,5800,5800,0.1483,9.6,-15.74,-219.34,-3.61
2026-03-27T11:00,7.8,108.7,5500,5500,0.1418,1.9764,41.72,-14.42,-9.82
2026-03-27T12:00,39.2,20.8,5200,5200,0.7538,0.4,9.66,-8.35,-16.5
2026-03-27T13:00,5.1,98,5200,5200,0.0981,1.8846,0,-13.41,-20
2026-03-27T14:00,2.7,138.8,5200,5200,0.0519,2.6692,12.97,-12.35,-20
2026-03-27T15:00,5.8,158.9,5200,5200,0.1115,3.0558,25.36,-13.6,-20
2026-03-27T16:00,0.5,610.1,5200,5200,0.0096,11.7327,-12.5,-34.3,-19
2026-03-27T17:00,1.1,449.6,5350,5350,0.0206,8.4037,-51.96,-21.3,-11.3
2026-03-27T18:00,313.5,108.1,6000,6000,5.225,1.8017,207.61,-10.34,-2.13
2026-03-27T19:00,81.1,183.2,5950,5950,1.363,3.079,111.07,-26.11,19.84
2026-03-27T20:00,44,235.7,4900,4900,0.898,4.8102,218.85,-0.21,120.41
2026-03-27T21:00,21.3,16.9,4800,4800,0.4438,0.3521,248.52,125.68,249.6
2026-03-27T22:00,6.7,17.8,4300,4400,0.1558,0.4045,177.91,99.96,209.72
2026-03-27T23:00,69.5,7,4000,4400,1.7375,0.1591,206.12,66.95,140.04
2026-03-28T00:00,9.9,55.1,4200,4400,0.2357,1.2523,172.13,13.03,128.98
2026-03-28T01:00,3.6,164.5,4200,4200,0.0857,3.9167,23.38,-63.29,46.72
2026-03-28T02:00,7.6,62.6,4000,4000,0.19,1.565,84.78,-8.13,34.44
2026-03-28T03:00,26.5,102.1,4000,4000,0.6625,2.5525,39.99,-27.88,33.67
2026-03-28T04:00,336,2.3,4000,4000,8.4,0.0575,118,13.53,32.9
2026-03-28T05:00,203.4,3.8,4000,4000,5.085,0.095,105.18,7.16,32.79
2026-03-28T06:00,11.7,30.8,4000,4000,0.2925,0.77,88.2,-0.4,35.53
2026-03-28T07:00,53,55.5,4000,4000,1.325,1.3875,105.95,-17.26,35.31
2026-03-28T08:00,41.1,47.6,4900,4800,0.8388,0.9917,98.64,-17.66,13.81
2026-03-28T09:00,171,281.6,5800,5800,2.9483,4.8552,57.1,-29.54,-0.28
2026-03-28T10:00,1.5,680.2,5800,5800,0.0259,11.7276,-49.14,-68.57,-5.43
2026-03-28T11:00,2.1,146.4,5500,5500,0.0382,2.6618,-4.6,-20.24,-10.21
2026-03-28T12:00,24.1,49.4,5200,5200,0.4635,0.95,12.19,-11.71,-15.5
2026-03-28T13:00,42.2,28.6,5200,5200,0.8115,0.55,6.25,-12.19,-19.01
2026-03-28T14:00,34.1,8.3,5200,5200,0.6558,0.1596,38.99,-2.23,-16.23
2026-03-28T15:00,70.9,136.4,5200,5200,1.3635,2.6231,-1.72,-18.47,-20
2026-03-28T16:00,202.4,11,5200,5200,3.8923,0.2115,16.36,-3.57,-20
2026-03-28T17:00,403.6,2.8,5350,5350,7.5439,0.0523,85.76,-2.49,-18.01
2026-03-28T18:00,141.4,229.1,6000,6000,2.3567,3.8183,132.55,-21.73,-5.91
2026-03-28T19:00,14.6,476.4,5950,5950,0.2454,8.0067,-12.35,-346.1,2.22
2026-03-28T20:00,168.5,17.6,4900,4900,3.4388,0.3592,105.91,-0.75,28.09
2026-03-28T21:00,6.5,16.5,4800,4800,0.1354,0.3438,109.71,8.58,45.92
2026-03-28T22:00,12.6,36.1,4300,4000,0.293,0.9025,140.41,-13.25,44.4
2026-03-28T23:00,13.9,286.3,4000,4000,0.3475,7.1575,29.6,-336.61,25.69
2026-03-29T00:00,7.9,258.8,4000,4000,0.1975,6.47,24.71,-116.5,9.81
2026-03-29T01:00,0,586.4,4200,4200,0,13.9619,-44.7,-440.86,18.71
2026-03-29T03:00,0,367.1,4000,4000,0,9.1775,-24.36,-133.9,7.63
2026-03-29T05:00,0.2,387.6,4000,4000,0.005,9.69,-31.38,-147.19,4.99
2026-03-29T06:00,20.6,112,4000,4000,0.515,2.8,49.75,-46.98,7.78
2026-03-29T07:00,162.8,7.5,4000,4000,4.07,0.1875,98,-0.98,7.98
2026-03-29T08:00,41.5,258.5,4000,4000,1.0375,6.4625,18.37,-86.92,12.32
2026-03-29T09:00,19.7,74,4900,4800,0.402,1.5417,69.44,-57.49,21.23
2026-03-29T10:00,19.3,65.9,6000,6000,0.3217,1.0983,71.57,-27.5,1.22
2026-03-29T11:00,26.7,263.1,6000,6000,0.445,4.385,21.8,-45,-4.92
2026-03-29T12:00,9,382.9,5400,5400,0.1667,7.0907,-10.71,-88.15,-13.1
2026-03-29T13:00,87.2,30.8,5200,5200,1.6769,0.5923,14,-10.16,-20.62
2026-03-29T14:00,2.3,315.7,5200,5200,0.0442,6.0712,-5.63,-63.31,-26
2026-03-29T15:00,11.8,12.7,5200,5200,0.2269,0.2442,12.23,-1.7,-25
2026-03-29T16:00,2.6,284.5,5200,5200,0.05,5.4712,-15.51,-85.28,-27.52
2026-03-29T17:00,23.4,39.9,5200,5200,0.45,0.7673,40.59,-15.45,-38
2026-03-29T18:00,119.1,10.8,5200,5200,2.2904,0.2077,10.51,-3.7,-39.3
2026-03-29T19:00,594.7,0.5,5300,5300,11.2208,0.0094,136.12,-3.85,-23.52
2026-03-29T20:00,53.3,260.7,6000,6000,0.8883,4.345,-2.19,-47.07,-6.01
2026-03-29T21:00,116.4,95.2,6000,6000,1.94,1.5867,75.57,-27.2,2.48
2026-03-29T22:00,65,244.1,5000,5000,1.3,4.882,87.64,-330.11,33.93
2026-03-29T23:00,20.8,176.3,4300,4000,0.4837,4.4075,60.41,-91.78,50.09
2026-03-30T00:00,28.5,144,4000,4000,0.7125,3.6,58.42,-62.79,40.38
2026-03-30T01:00,34,37.6,4000,4000,0.85,0.94,71.13,-23.48,31.61
2026-03-30T02:00,6.4,124.4,4400,4400,0.1455,2.8273,91.78,-28.48,31.29
2026-03-30T03:00,60.7,61.6,4000,4000,1.5175,1.54,67.06,-27.61,22.86
2026-03-30T04:00,137.9,27.2,4000,4000,3.4475,0.68,112.84,-8.01,18.71
2026-03-30T05:00,110.4,0.2,4000,4000,2.76,0.005,77.92,0.18,11.59
2026-03-30T06:00,202.1,0.1,4000,4000,5.0525,0.0025,92.1,4,9.65
2026-03-30T07:00,105.5,4.8,4100,4000,2.5732,0.12,97.02,-5.59,16.9
2026-03-30T08:00,112.9,44.6,4800,4600,2.3521,0.9696,150.27,-4.23,44.17
2026-03-30T09:00,173.4,8.2,5000,4900,3.468,0.1673,187.59,18.86,131.02
2026-03-30T10:00,151.8,142.1,6000,6000,2.53,2.3683,133.79,-14.35,86.97
2026-03-30T11:00,130.2,140.3,6000,6000,2.17,2.3383,93.67,-24.37,11.2
2026-03-30T12:00,4.8,289.8,5400,5400,0.0889,5.3667,59.7,-23.32,-0.92
2026-03-30T13:00,0,594.9,5200,5200,0,11.4404,-1.64,-36.25,-3.45
2026-03-30T14:00,1.2,254.2,5200,5200,0.0231,4.8885,-0.51,-22.41,-4.01
2026-03-30T15:00,0,620.7,5200,5200,0,11.9365,-3.63,-66.02,-5.13
2026-03-30T16:00,29.3,251.5,5200,5200,0.5635,4.8365,13.72,-32.05,-6.02
2026-03-30T17:00,0,568.1,5200,5200,0,10.925,-21,-41.56,-7.51
2026-03-30T18:00,0,770.4,5200,5200,0,14.8154,-64.35,-39.53,-4.99
2026-03-30T19:00,5.9,294.3,5300,5300,0.1113,5.5528,7.33,-19.77,-3.09
2026-03-30T20:00,118.1,63.9,6000,6000,1.9683,1.065,70.31,-9.58,0.28
2026-03-30T21:00,2.1,278.1,6000,6000,0.035,4.635,57.49,-63.42,25.46
2026-03-30T22:00,92.9,158.8,5000,5000,1.858,3.176,211.22,28.74,180.55
2026-03-30T23:00,111.3,2.3,4300,4400,2.5884,0.0523,260.82,64.97,256.06
2026-03-31T00:00,353.8,1.3,4000,4400,8.845,0.0295,233.87,34.17,141.53
2026-03-31T01:00,143.7,130.1,4200,4400,3.4214,2.9568,89.5,-35.26,63.01
2026-03-31T02:00,127.8,301.3,4400,4400,2.9045,6.8477,72.1,-74.71,42.76
2026-03-31T03:00,0.6,189.4,4000,4000,0.015,4.735,30.81,-50.47,33.04
2026-03-31T04:00,24.7,88.9,4000,4000,0.6175,2.2225,97.52,-33.17,28.59
2026-03-31T05:00,7.5,72.7,4000,4000,0.1875,1.8175,44.54,-24.26,24.25
2026-03-31T06:00,6.7,105.4,4000,4000,0.1675,2.635,57.83,-39.1,21.64
2026-03-31T07:00,11,105.2,4100,4000,0.2683,2.63,63.76,-40.13,22.91
2026-03-31T08:00,52.2,211.9,4800,4600,1.0875,4.6065,67.28,-112.76,29.3
2026-03-31T09:00,342.2,7.3,5000,4900,6.844,0.149,207.04,17.8,71.13
2026-03-31T10:00,288.7,237.4,6000,6000,4.8117,3.9567,128.74,-56.32,33.85
2026-03-31T11:00,119.3,177.7,6000,6000,1.9883,2.9617,126.88,-59.49,4.07
2026-03-31T12:00,57.7,163.1,5400,5400,1.0685,3.0204,150.29,-27.19,-2.72
2026-03-31T13:00,100.2,102.3,5200,5200,1.9269,1.9673,114.49,-14.47,-7.01
2026-03-31T14:00,117.5,11.3,5200,5200,2.2596,0.2173,24.43,-8.11,-8.4
2026-03-31T15:00,27.2,73,5200,5200,0.5231,1.4038,34.88,-10.87,-8.4
2026-03-31T16:00,124.5,40.8,5200,5200,2.3942,0.7846,11.07,-11.14,-8.4
2026-03-31T17:00,4.2,133.6,5200,5200,0.0808,2.5692,2.94,-17.08,-11.95
2026-03-31T18:00,23.8,36.5,5200,5200,0.4577,0.7019,85.8,-4.27,-10
2026-03-31T19:00,63.7,44.5,5300,5300,1.2019,0.8396,46.8,-8.95,-7.7
2026-03-31T20:00,321.6,10,6000,6000,5.36,0.1667,222.02,-4.69,-1.62
2026-03-31T21:00,69.5,231.3,6000,6000,1.1583,3.855,147.17,-43.65,17.31
2026-03-31T22:00,198.5,265.4,5000,5000,3.97,5.308,246.93,-20.28,114.53
2026-03-31T23:00,8.8,86.1,4300,4400,0.2047,1.9568,158.94,44.44,188.45
2026-04-01T00:00,12.2,201.7,4000,4400,0.305,4.5841,163.42,-56.37,119.01
2026-04-01T01:00,253.5,21.8,4200,4400,6.0357,0.4955,122.27,2.17,40.67
2026-04-01T02:00,202.9,20.1,4400,4400,4.6114,0.4568,148.34,-5.99,29.31
2026-04-01T03:00,21.8,82.7,4000,4000,0.545,2.0675,107.75,-80.44,20.8
2026-04-01T04:00,26.3,54,4000,4000,0.6575,1.35,117.8,-35.58,21.23
2026-04-01T05:00,116.1,12.7,4000,4000,2.9025,0.3175,114.91,-11.18,21.64
2026-04-01T06:00,6.7,67.8,4000,4000,0.1675,1.695,44.74,-24.4,19.74
2026-04-01T07:00,72.4,74.2,4100,4000,1.7659,1.855,90.35,-23.01,21.82
2026-04-01T08:00,204.9,5,4800,4600,4.2688,0.1087,93.3,-5.1,28.22
2026-04-01T09:00,437.9,0.5,5000,4900,8.758,0.0102,190.87,41.17,52.25
2026-04-01T10:00,93.4,208.3,6000,6000,1.5567,3.4717,230.09,-51.92,27.25
2026-04-01T11:00,60,211.4,6000,6000,1,3.5233,143.87,-19.66,6.43
2026-04-01T12:00,17.9,337.1,5400,5400,0.3315,6.2426,-4.23,-21.38,-2.72
2026-04-01T13:00,32.5,18.2,5200,5200,0.625,0.35,75.84,-6.62,-8.02
2026-04-01T14:00,229,15.1,5200,5200,4.4038,0.2904,11.1,-9.04,-8.4
2026-04-01T15:00,4.8,213,5200,5200,0.0923,4.0962,39.05,-18.52,-9.97
2026-04-01T16:00,15.7,371.5,5200,5200,0.3019,7.1442,-6.37,-22.05,-15.5
2026-04-01T17:00,0,0,5200,5200,0,0,0,0,-16
2026-04-01T18:00,22.3,23,5200,5200,0.4288,0.4423,13.51,-9.01,-16
2026-04-01T19:00,9,429.5,5300,5300,0.1698,8.1038,112.91,-29.17,-9.3
2026-04-01T20:00,42.2,336,6000,6000,0.7033,5.6,112.56,-17.7,-1.99
2026-04-01T21:00,27.9,283.1,6000,6000,0.465,4.7183,38.3,-57.23,12.35
2026-04-01T22:00,262.7,116.5,5000,5000,5.254,2.33,451.97,-3.92,70.8
2026-04-01T23:00,46,236.6,4300,4400,1.0698,5.3773,245.19,-5.03,140.07
2026-04-02T00:00,171.6,26.3,4000,4400,4.29,0.5977,151.53,6.02,73.54
2026-04-02T01:00,129.8,43.5,4200,4400,3.0905,0.9886,140.21,-19.54,37.02
2026-04-02T02:00,283.8,122.4,4200,4200,6.7571,2.9143,87.58,-28.66,40.91
2026-04-02T03:00,22.8,94.4,4000,4000,0.57,2.36,68.91,-49.51,29.06
2026-04-02T04:00,55.2,59.2,4000,4000,1.38,1.48,46.35,-25.93,21.82
2026-04-02T05:00,41.9,5.4,4000,4000,1.0475,0.135,126.74,-11.02,22
2026-04-02T06:00,200.8,3.9,4000,4000,5.02,0.0975,113.5,10.23,21.82
2026-04-02T07:00,228.4,1.6,4000,4000,5.71,0.04,100.76,18.87,22.59
2026-04-02T08:00,106.2,49.5,4000,4000,2.655,1.2375,134.67,-14.84,23.47
2026-04-02T09:00,395.1,5.1,4900,4800,8.0633,0.1062,174.87,9.8,34.63
2026-04-02T10:00,360.5,141.3,6000,6000,6.0083,2.355,191.02,-38.68,17.89
2026-04-02T11:00,296,30.7,6000,6000,4.9333,0.5117,142.23,-7.76,1.03
2026-04-02T12:00,375.9,16,5400,5400,6.9611,0.2963,355.51,-3.42,-3.15
2026-04-02T13:00,63,252.3,5200,5200,1.2115,4.8519,2.98,-18.71,-8.3
2026-04-02T14:00,12.7,92.6,5200,5200,0.2442,1.7808,90,-10.71,-11.21
2026-04-02T15:00,22.3,137.5,5200,5200,0.4288,2.6442,36.04,-16.61,-13.7
2026-04-02T16:00,56.5,195.1,5200,5200,1.0865,3.7519,-1.76,-23.15,-16
2026-04-02T17:00,34.5,166.5,5200,5200,0.6635,3.2019,18.74,-14.31,-20
2026-04-02T18:00,1.8,134.5,5200,5200,0.0346,2.5865,4.35,-16.88,-20
2026-04-02T19:00,121.2,194.2,5300,5300,2.2868,3.6642,1.96,-19.38,-16.01
2026-04-02T20:00,277.1,67.9,6000,6000,4.6183,1.1317,61.81,-6.56,-2.95
2026-04-02T21:00,228.1,25.4,6000,6000,3.8017,0.4233,160.74,-14.29,5.03
2026-04-02T22:00,502.5,139.9,5000,5000,10.05,2.798,338.03,-201.89,63.41
2026-04-02T23:00,28.4,256.1,4300,4000,0.6605,6.4025,133.18,9.26,140.05
2026-04-03T00:00,190.8,8.9,4000,4000,4.77,0.2225,217.66,51.15,103.16
2026-04-03T01:00,194.7,143.5,4000,4000,4.8675,3.5875,146.66,-46.69,44.88
2026-04-03T02:00,19.8,57.4,4200,4200,0.4714,1.3667,117.59,-46.35,55.6
2026-04-03T03:00,39.5,8.8,4000,4000,0.9875,0.22,104.54,15.62,47.5
2026-04-03T04:00,24.7,6.5,4000,4000,0.6175,0.1625,83.25,12.33,44.88
2026-04-03T05:00,60,170,4000,4000,1.5,4.25,48.14,-72.03,48.46
2026-04-03T06:00,49.7,7.5,4000,4000,1.2425,0.1875,90.85,7.58,47.76
2026-04-03T07:00,51.7,22.8,4000,4000,1.2925,0.57,102.32,7.98,50.29
2026-04-03T08:00,146.7,21.4,4000,4000,3.6675,0.535,142.17,-8.19,52.44
2026-04-03T09:00,80.6,2.8,4900,4800,1.6449,0.0583,158.77,20.32,62.31
2026-04-03T10:00,108.8,12.7,6000,6000,1.8133,0.2117,281.95,4.63,28.37
2026-04-03T11:00,32.1,15.9,6000,6000,0.535,0.265,127.07,-0.03,0.7
2026-04-03T12:00,49.5,64.1,5400,5400,0.9167,1.187,37.37,-8.3,-5.36
2026-04-03T13:00,4.8,83,5200,5200,0.0923,1.5962,56.22,-13.97,-9.3
2026-04-03T14:00,4.5,99.3,5200,5200,0.0865,1.9096,2.45,-14.92,-16
2026-04-03T15:00,5.3,48.4,5200,5200,0.1019,0.9308,0,-11.64,-16
2026-04-03T16:00,8.7,20.2,5200,5200,0.1673,0.3885,1.77,-7.31,-18.5
2026-04-03T17:00,37.1,35,5200,5200,0.7135,0.6731,13.22,-8.15,-20
2026-04-03T18:00,62,50.6,5200,5200,1.1923,0.9731,37.75,-9.06,-20
2026-04-03T19:00,65.1,60.6,5300,5300,1.2283,1.1434,32.44,-12.25,-13.86
2026-04-03T20:00,350.1,5.5,6000,6000,5.835,0.0917,104.69,-0.83,-2.31
2026-04-03T21:00,154.4,47.7,6000,6000,2.5733,0.795,133.83,-5.72,22.28
2026-04-03T22:00,130.8,0.6,5000,5000,2.616,0.012,286.98,140.71,197.24
2026-04-03T23:00,3.6,36.3,4300,4000,0.0837,0.9075,276.34,175.12,322.49
2026-04-04T00:00,1.9,128.5,4000,4000,0.0475,3.2125,239.17,137.25,312.56
2026-04-04T01:00,3.1,106.9,4000,4000,0.0775,2.6725,170.35,39.34,214.56
2026-04-04T02:00,247.3,53.4,4200,4200,5.8881,1.2714,279.53,34.8,115.65
2026-04-04T03:00,72.4,22.4,4000,4000,1.81,0.56,136.4,28.61,92.58
2026-04-04T04:00,92.5,70.5,4000,4000,2.3125,1.7625,184.48,-9.71,110.13
2026-04-04T05:00,183.5,1.7,4000,4000,4.5875,0.0425,188.25,56.15,112.57
2026-04-04T06:00,20.5,116.8,4000,4000,0.5125,2.92,124.68,30.52,118.9
2026-04-04T07:00,53.1,3.7,4000,4000,1.3275,0.0925,168.58,51.78,121.74
2026-04-04T08:00,77.2,4.5,4000,4000,1.93,0.1125,184.78,78.55,135.23
2026-04-04T09:00,17.7,186.5,4900,4800,0.3612,3.8854,151.6,32.32,140.03
2026-04-04T10:00,22.3,45,6000,6000,0.3717,0.75,164.87,144.39,121.03
2026-04-04T11:00,44,267,6000,6000,0.7333,4.45,20.57,-16.83,40.97
2026-04-04T12:00,59.4,169,5400,5400,1.1,3.1296,50.13,-19.38,-1.66
2026-04-04T13:00,8.4,252.4,5200,5200,0.1615,4.8538,-0.8,-24.57,-7.1
2026-04-04T14:00,0,641.6,5200,5200,0,12.3385,-6.4,-53.64,-8.4
2026-04-04T15:00,6.7,76.9,5200,5200,0.1288,1.4788,2.09,-17.38,-8.4
2026-04-04T16:00,0,720,5200,5200,0,13.8462,-6.4,-52.13,-8.4
2026-04-04T17:00,6.1,202.8,5200,5200,0.1173,3.9,-0.07,-23.12,-8.4
2026-04-04T18:00,12.9,96.1,5200,5200,0.2481,1.8481,2.59,-18.7,-10.01
2026-04-04T19:00,72.9,23.9,5300,5300,1.3755,0.4509,21.41,-13.21,-4.11
2026-04-04T20:00,104.7,24.2,6000,6000,1.745,0.4033,83.62,-10.86,1.27
2026-04-04T21:00,87.9,360.2,6000,6000,1.465,6.0033,107.86,-38.25,95.06
2026-04-04T22:00,397.9,107.1,5000,5000,7.958,2.142,492.27,157.48,166.83
2026-04-04T23:00,61.5,35.3,4300,4000,1.4302,0.8825,286.23,155.07,308.03
2026-04-05T00:00,14.6,49.1,4000,4000,0.365,1.2275,218.1,130.71,240.97
2026-04-05T01:00,237.5,15,4000,4000,5.9375,0.375,237.83,67.35,172.02
2026-04-05T02:00,68.5,22,4200,4200,1.631,0.5238,223.02,145.73,179.84
2026-04-05T03:00,37.7,14.2,4000,4000,0.9425,0.355,172.05,170.34,140.06
2026-04-05T04:00,6.9,139.1,4000,4000,0.1725,3.4775,153.03,153.47,140.02
2026-04-05T05:00,60,35.6,4000,4000,1.5,0.89,161.11,122.52,140.03
2026-04-05T06:00,12.8,26.7,4000,4000,0.32,0.6675,128.81,143.14,140
2026-04-05T07:00,5.9,36.7,4000,4000,0.1475,0.9175,122.25,77.74,140
2026-04-05T08:00,64.4,207.7,4000,4000,1.61,5.1925,154.89,-0.27,140.02
2026-04-05T09:00,344.9,29.3,4900,4800,7.0388,0.6104,365.57,270.06,140.04
2026-04-05T10:00,138.3,36.5,6000,6000,2.305,0.6083,201.75,132.02,119.72
2026-04-05T11:00,200.9,24.7,6000,6000,3.3483,0.4117,163.3,-15.4,7.3
2026-04-05T12:00,192.9,3.7,5400,5400,3.5722,0.0685,19.68,-22.07,-7.21
2026-04-05T13:00,45.3,5.5,5200,5200,0.8712,0.1058,1.74,-11.35,-14.11
2026-04-05T14:00,10.8,84.6,5200,5200,0.2077,1.6269,3.71,-18.28,-22.91
2026-04-05T15:00,0.3,255.2,5200,5200,0.0058,4.9077,-11.1,-33.02,-22.46
2026-04-05T16:00,13.4,129.5,5200,5200,0.2577,2.4904,1.8,-24.33,-25
2026-04-05T17:00,1.9,250.1,5200,5200,0.0365,4.8096,-13.83,-36.92,-30.04
2026-04-05T18:00,47.3,62,5200,5200,0.9096,1.1923,2.11,-25.72,-30.04
2026-04-05T19:00,166.5,11.8,5300,5300,3.1415,0.2226,26.44,-8.6,-17.21
2026-04-05T20:00,62.5,124.1,6000,6000,1.0417,2.0683,58.47,-25.34,-2.79
2026-04-05T21:00,58.6,67.2,6000,6000,0.9767,1.12,101.49,14.37,59.32
2026-04-05T22:00,139.9,4,5000,5000,2.798,0.08,258.18,69.58,218.17
2026-04-05T23:00,2,177.2,4300,4000,0.0465,4.43,249.9,136.55,301.56
2026-04-06T00:00,26,47.4,4000,4000,0.65,1.185,315.59,181.32,303.63
2026-04-06T01:00,5.7,45.2,4000,4000,0.1425,1.13,208.23,133.91,224.09
2026-04-06T02:00,13.6,34.3,4400,4400,0.3091,0.7795,162.33,218.26,181.23
2026-04-06T03:00,1.5,122.1,4000,4000,0.0375,3.0525,147.1,70.12,154.17
2026-04-06T04:00,94.5,17.6,4000,4000,2.3625,0.44,186.69,70.29,142.24
2026-04-06T05:00,1.7,74.7,4000,4000,0.0425,1.8675,115.11,91.15,139.72
2026-04-06T06:00,13.4,12.4,4000,4000,0.335,0.31,160.9,92.56,135.52
2026-04-06T07:00,10.8,11.5,4100,4000,0.2634,0.2875,164.82,96,137.89
2026-04-06T08:00,32.3,43.9,4800,4600,0.6729,0.9543,170.58,70.67,140.04
2026-04-06T09:00,41.4,46.8,5000,4900,0.828,0.9551,163.48,68.37,140.07
2026-04-06T10:00,188.7,72.4,6000,6000,3.145,1.2067,270.52,26.7,114.54
2026-04-06T11:00,237.7,111.9,6000,6000,3.9617,1.865,190.76,-21.03,23.08
2026-04-06T12:00,193.1,90.1,5400,5400,3.5759,1.6685,113.84,-15.31,-6.82
2026-04-06T13:00,87.7,68.3,5200,5200,1.6865,1.3135,8.37,-16.48,-17
2026-04-06T14:00,5.7,190,5200,5200,0.1096,3.6538,-5.54,-35.51,-24
2026-04-06T15:00,107.1,61.6,5200,5200,2.0596,1.1846,5.46,-22.28,-24
2026-04-06T16:00,41.4,460.7,5200,5200,0.7962,8.8596,-9.84,-128.57,-24
2026-04-06T17:00,136.8,86.5,5200,5200,2.6308,1.6635,8.91,-59.91,-24
2026-04-06T18:00,18.9,40.7,5200,5200,0.3635,0.7827,3.83,-14.14,-23
2026-04-06T19:00,201.5,52.2,5300,5300,3.8019,0.9849,98.89,-10.15,-10.92
2026-04-06T20:00,275.2,63.2,6000,6000,4.5867,1.0533,149.22,-3.28,0.93
2026-04-06T21:00,59.3,314.1,6000,6000,0.9883,5.235,224.71,-43.65,78.16
2026-04-06T22:00,198.9,12.4,5000,5000,3.978,0.248,224.39,75.83,160.95
2026-04-06T23:00,4.3,105.7,4300,4400,0.1,2.4023,183.45,66.8,180.03
2026-04-07T00:00,0.1,295.2,4000,4400,0.0025,6.7091,142.9,5.81,147.45
2026-04-07T01:00,1.8,520.9,4200,4400,0.0429,11.8386,175.61,-325.99,140.52
2026-04-07T02:00,0.8,220.9,4400,4400,0.0182,5.0205,109.32,-43.46,128.92
2026-04-07T03:00,14.6,29.7,4000,4000,0.365,0.7425,165.87,8.07,116.72
2026-04-07T04:00,5.9,10.6,4000,4000,0.1475,0.265,117.33,61.03,94.22
2026-04-07T05:00,5.6,38.4,4000,4000,0.14,0.96,118.38,78.41,90.38
2026-04-07T06:00,17.5,6.3,4000,4000,0.4375,0.1575,175.73,127.52,93.7
2026-04-07T07:00,27.8,6.1,4100,4000,0.678,0.1525,167.54,120.13,123.57
2026-04-07T08:00,61.3,7,4800,4600,1.2771,0.1522,222.98,126.98,171.48
2026-04-07T09:00,72.8,19.1,5000,4900,1.456,0.3898,253.4,93.5,254.08
2026-04-07T10:00,362.7,1.9,6000,6000,6.045,0.0317,293.48,30.13,158.57
2026-04-07T11:00,458.2,4,6000,6000,7.6367,0.0667,467.45,63.59,117.53
2026-04-07T12:00,23.4,544.4,5400,5400,0.4333,10.0815,45.82,-42.78,21.2
2026-04-07T13:00,55.7,242.3,5200,5200,1.0712,4.6596,25.53,-17.94,2.75
2026-04-07T14:00,41.7,454.9,5200,5200,0.8019,8.7481,14.37,-133.23,0
2026-04-07T15:00,21.8,183.6,5200,5200,0.4192,3.5308,10.84,-20.92,0
2026-04-07T16:00,175.5,21.3,5200,5200,3.375,0.4096,76.03,-4.37,0
2026-04-07T17:00,189.7,34.2,5200,5200,3.6481,0.6577,186.92,-3.63,0
2026-04-07T18:00,54.1,157.5,5200,5200,1.0404,3.0288,23.22,-18.24,1.11
2026-04-07T19:00,145.9,75.8,5300,5300,2.7528,1.4302,163.42,-6.43,15.2
2026-04-07T20:00,437.6,12.4,6000,6000,7.2933,0.2067,335.89,43.91,107.13
2026-04-07T21:00,75,178,6000,6000,1.25,2.9667,200.42,49.3,202.96
2026-04-07T22:00,220.3,38.2,5000,5000,4.406,0.764,402.45,106.71,366.63
2026-04-07T23:00,3.6,420.5,4300,4400,0.0837,9.5568,244.85,47.53,472.56
2026-04-08T00:00,1.3,404.1,4000,4400,0.0325,9.1841,250.35,-30.18,356.96
2026-04-08T01:00,18.5,58.9,4200,4400,0.4405,1.3386,241.15,147.06,317.91
2026-04-08T02:00,69.4,12.6,4400,4400,1.5773,0.2864,294.61,260.02,281.58
2026-04-08T03:00,9.5,78.3,4000,4000,0.2375,1.9575,222.81,184.96,242.8
2026-04-08T04:00,1,161.9,4000,4000,0.025,4.0475,210.28,204.23,245.76
2026-04-08T05:00,33,95.2,4000,4000,0.825,2.38,241.63,189.15,235.84
2026-04-08T06:00,3.9,210.6,4000,4000,0.0975,5.265,196.19,147.76,237.28
2026-04-08T07:00,0,247.9,4100,4000,0,6.1975,230.06,93.35,253.25
2026-04-08T08:00,2.5,192.5,4800,4600,0.0521,4.1848,292.62,158.38,339.8
2026-04-08T09:00,22.9,31.8,5000,4900,0.458,0.649,380.04,267.31,436.53
2026-04-08T10:00,47.5,53.6,6000,6000,0.7917,0.8933,413.21,273.96,496.01
2026-04-08T11:00,123.7,132.4,6000,6000,2.0617,2.2067,357.31,182.19,343.7
2026-04-08T12:00,180.7,165.5,5400,5400,3.3463,3.0648,290.21,56.4,225.53
2026-04-08T13:00,214.4,153.2,5200,5200,4.1231,2.9462,441.37,14.51,116.44
2026-04-08T14:00,311.7,3.6,5200,5200,5.9942,0.0692,560.72,13.97,50.56
2026-04-08T15:00,119.9,42.5,5200,5200,2.3058,0.8173,130.28,-0.27,17.77
2026-04-08T16:00,15.1,167,5200,5200,0.2904,3.2115,18.58,-11.55,12.1
2026-04-08T17:00,238.8,20.8,5200,5200,4.5923,0.4,511.11,1.52,8.47
2026-04-08T18:00,20.2,101.3,5200,5200,0.3885,1.9481,23.14,-2.32,12.91
2026-04-08T19:00,181,234,5300,5300,3.4151,4.4151,192.95,0.98,56.15
2026-04-08T20:00,50.5,548.4,6000,6000,0.8417,9.14,216.99,-35.86,187.9
2026-04-08T21:00,197.1,39.1,6000,6000,3.285,0.6517,518.52,227.85,363.76
2026-04-08T22:00,167,3.1,5000,5000,3.34,0.062,532.15,383.18,516.99
2026-04-08T23:00,67.2,8.3,4300,4400,1.5628,0.1886,471.08,344.62,545.36
2026-04-09T00:00,77.9,6.7,4000,4400,1.9475,0.1523,425.78,242.35,456.84
2026-04-09T01:00,41.1,13.6,4200,4400,0.9786,0.3091,371.6,271.4,384.44
2026-04-09T02:00,29.5,36.1,4400,4400,0.6705,0.8205,304.31,145.86,380.43
2026-04-09T03:00,73.8,10.4,4000,4000,1.845,0.26,337.5,257.19,363.16
2026-04-09T04:00,146.6,5.1,4000,4000,3.665,0.1275,373.18,184.6,322.75
2026-04-09T05:00,193,25.5,4000,4000,4.825,0.6375,330.14,323.28,303.74
2026-04-09T06:00,23.4,16.1,4000,4000,0.585,0.4025,262.4,340.32,296.69
2026-04-09T07:00,8.7,13.8,4100,4000,0.2122,0.345,264.2,269.84,304.67
2026-04-09T08:00,52.4,30.9,4800,4600,1.0917,0.6717,380.15,231.63,373.75
2026-04-09T09:00,34.2,42.3,5000,4900,0.684,0.8633,417.35,257.75,518.79
2026-04-09T10:00,30.9,54.9,6000,6000,0.515,0.915,332.73,212.48,397.27
2026-04-09T11:00,5.8,66.3,6000,6000,0.0967,1.105,302.27,127.53,295.81
2026-04-09T12:00,204.4,5.3,5400,5400,3.7852,0.0981,331.91,34.53,102.78
2026-04-09T13:00,131.7,17.4,5200,5200,2.5327,0.3346,41.39,-9.29,2.94
2026-04-09T14:00,329.9,10.7,5200,5200,6.3442,0.2058,537.29,-14.32,-0.26
2026-04-09T15:00,166.9,25.7,5200,5200,3.2096,0.4942,15.13,-4.78,-2.51
2026-04-09T16:00,315.8,6.6,5200,5200,6.0731,0.1269,36.08,-3.52,-3.28
2026-04-09T17:00,75.2,42.4,5200,5200,1.4462,0.8154,15.13,-7.65,-3.39
2026-04-09T18:00,34.9,162.3,5200,5200,0.6712,3.1212,7.4,-12.72,-0.83
2026-04-09T19:00,47,34.5,5300,5300,0.8868,0.6509,58.2,-5.94,-0.01
2026-04-09T20:00,285,61.3,6000,6000,4.75,1.0217,266.17,30.69,48.19
2026-04-09T21:00,234.7,13.5,6000,6000,3.9117,0.225,381.96,175.6,231.85
2026-04-09T22:00,141.1,5.2,5000,5000,2.822,0.104,354.39,187.43,311.99
2026-04-09T23:00,191.8,49.8,4300,4400,4.4605,1.1318,344.68,243.37,335.5
2026-04-10T00:00,2,279.3,4000,4400,0.05,6.3477,209.82,85.81,278.23
2026-04-10T01:00,1,253.6,4200,4400,0.0238,5.7636,183.06,25.39,249.05
2026-04-10T02:00,3.1,302.3,4400,4400,0.0705,6.8705,168.27,-29.4,191.92
2026-04-10T03:00,1.3,131,4000,4000,0.0325,3.275,136.56,27.79,157.95
2026-04-10T04:00,20.4,28.2,4000,4000,0.51,0.705,201.37,79.97,159.2
2026-04-10T05:00,161.5,9.4,4000,4000,4.0375,0.235,296.48,85.91,159.2
2026-04-10T06:00,4.9,67.3,4000,4000,0.1225,1.6825,182.57,56.5,159.45
2026-04-10T07:00,46.5,142.2,4100,4000,1.1341,3.555,237.49,61.62,169.99
2026-04-10T08:00,0.1,371.9,4800,4600,0.0021,8.0848,195.23,-60.67,245.64
2026-04-10T09:00,2,139.5,5000,4900,0.04,2.8469,266.45,201.91,343.08
2026-04-10T10:00,122.4,7.9,6000,6000,2.04,0.1317,343.28,239.15,344.02
2026-04-10T11:00,59.9,240.7,6000,6000,0.9983,4.0117,234.59,93.82,249.28
2026-04-10T12:00,102.7,85.9,5400,5400,1.9019,1.5907,121.04,-5.79,73.15
2026-04-10T13:00,100.4,71.7,5200,5200,1.9308,1.3788,14.59,-17.5,7.23
2026-04-10T14:00,138.9,17.8,5200,5200,2.6712,0.3423,36.03,-2.85,1.15
2026-04-10T15:00,97.7,11.9,5200,5200,1.8788,0.2288,10.71,-1.55,0.01
2026-04-10T16:00,66.3,22.6,5200,5200,1.275,0.4346,11.9,-2.55,0.01
2026-04-10T17:00,60.7,9.3,5200,5200,1.1673,0.1788,32.83,-1.03,0.02
2026-04-10T18:00,98.8,11.8,5200,5200,1.9,0.2269,59.69,2.15,0.85
2026-04-10T19:00,253.6,42,5300,5300,4.7849,0.7925,372.14,9.94,23.99
2026-04-10T20:00,129.8,29.1,6000,6000,2.1633,0.485,287.26,10.76,147.09
2026-04-10T21:00,153.1,13.9,6000,6000,2.5517,0.2317,302.18,121.45,288.48
2026-04-10T22:00,20.3,14.1,5000,5000,0.406,0.282,371.28,333.6,419.4
2026-04-10T23:00,6.1,181.8,4300,4400,0.1419,4.1318,320.86,246.52,418.7
2026-04-11T00:00,2.5,289.2,4000,4400,0.0625,6.5727,280.15,159.5,373.02
2026-04-11T01:00,24.5,19.8,4200,4400,0.5833,0.45,324.33,218.47,337.64
2026-04-11T02:00,142.8,90.6,4200,4200,3.4,2.1571,363.99,174.29,327.77
2026-04-11T03:00,2.5,230.3,4000,4000,0.0625,5.7575,215.7,101.46,246.13
2026-04-11T04:00,14.1,105.3,4000,4000,0.3525,2.6325,228.4,158.76,205.6
2026-04-11T05:00,106.9,25.5,4000,4000,2.6725,0.6375,255.63,225.33,195.2
2026-04-11T06:00,36.6,9.1,4000,4000,0.915,0.2275,188.88,103.89,173.68
2026-04-11T07:00,65.7,5.4,4000,4000,1.6425,0.135,253.06,121.79,200.2
2026-04-11T08:00,151.8,57.2,4000,4000,3.795,1.43,303.86,240.34,253.56
2026-04-11T09:00,174.6,75.3,4900,4800,3.5633,1.5688,322.94,228.2,255.6
2026-04-11T10:00,105.7,105.3,6000,6000,1.7617,1.755,296.68,182.93,234.31
2026-04-11T11:00,488.4,0,6000,6000,8.14,0,574.7,59.78,128.14
2026-04-11T12:00,355.1,10.3,5400,5400,6.5759,0.1907,363.57,-8.18,34.62
2026-04-11T13:00,386,1.6,5200,5200,7.4231,0.0308,5220.67,4.69,3.43
2026-04-11T14:00,175.6,10.9,5200,5200,3.3769,0.2096,123.81,-0.2,0
2026-04-11T15:00,99.4,9.3,5200,5200,1.9115,0.1788,65.72,-5.51,-0.65
2026-04-11T16:00,96.7,288.4,5200,5200,1.8596,5.5462,11.3,-28.41,-3.03
2026-04-11T17:00,27.2,103.3,5200,5200,0.5231,1.9865,10.26,-27.77,-5.75
2026-04-11T18:00,172,8.2,5200,5200,3.3077,0.1577,44.33,-2.25,-5.01
2026-04-11T19:00,44.3,21,5300,5300,0.8358,0.3962,93.77,-6.61,-0.81
2026-04-11T20:00,349.2,11.1,6000,6000,5.82,0.185,229.56,1.14,8.35
2026-04-11T21:00,57.4,58.4,6000,6000,0.9567,0.9733,126.52,-5.8,53.39
2026-04-11T22:00,160.5,140.3,5000,5000,3.21,2.806,256.97,-21.67,107.14
2026-04-11T23:00,3.6,187.2,4300,4000,0.0837,4.68,125.21,-44.8,138.57
2026-04-12T00:00,52.6,24.3,4000,4000,1.315,0.6075,181.68,37.65,127.26
2026-04-12T01:00,0.1,228.8,4000,4000,0.0025,5.72,91.49,-56.73,97.57
2026-04-12T02:00,19.8,16.2,4200,4200,0.4714,0.3857,77.56,-8.14,60.63
2026-04-12T03:00,69.1,3.2,4000,4000,1.7275,0.08,117.08,4.91,44.18
2026-04-12T04:00,28.3,6.2,4000,4000,0.7075,0.155,83.86,4.15,37.75
2026-04-12T05:00,112.4,2.5,4000,4000,2.81,0.0625,179.78,1.51,43.75
2026-04-12T06:00,49.2,4.4,4000,4000,1.23,0.11,93.44,6.48,42.1
2026-04-12T07:00,23.3,4.7,4000,4000,0.5825,0.1175,59.16,4.73,43.27
2026-04-12T08:00,49.6,2.8,4000,4000,1.24,0.07,128.65,11.35,47.23
2026-04-12T09:00,5.3,28.2,4900,4800,0.1082,0.5875,55.59,-1.69,42.07
2026-04-12T10:00,41.9,64.7,6000,6000,0.6983,1.0783,121.97,-7.05,48.91
2026-04-12T11:00,5.9,480.1,6000,6000,0.0983,8.0017,6.89,-77.89,43.37
2026-04-12T12:00,255.4,174.9,5400,5400,4.7296,3.2389,154.97,-15.16,10.05
2026-04-12T13:00,117.4,19.4,5200,5200,2.2577,0.3731,50.09,-6.84,1.05
2026-04-12T14:00,4.3,311.4,5200,5200,0.0827,5.9885,19.06,-39.21,0
2026-04-12T15:00,5.5,103.2,5200,5200,0.1058,1.9846,8.66,-9.24,0
2026-04-12T16:00,77.7,51.6,5200,5200,1.4942,0.9923,18.48,-11.57,-0.02
2026-04-12T17:00,0,629.8,5200,5200,0,12.1115,2.36,-102.57,-1.71
2026-04-12T18:00,113.2,206.8,5200,5200,2.1769,3.9769,76.18,-25.5,-3.24
2026-04-12T19:00,294.3,1.8,5300,5300,5.5528,0.034,192.72,-0.02,-2.87
2026-04-12T20:00,10,151.5,6000,6000,0.1667,2.525,109.82,-17.16,-0.06
2026-04-12T21:00,10.8,455.5,6000,6000,0.18,7.5917,43.33,-146.77,35.54
2026-04-12T22:00,9.6,126.9,5000,5000,0.192,2.538,212.34,124,143.73
2026-04-12T23:00,9.2,180.6,4300,4000,0.214,4.515,269.8,132.67,287.66
2026-04-13T00:00,17.7,249.9,4000,4000,0.4425,6.2475,215.42,112.96,216.09
2026-04-13T01:00,86.1,152,4000,4000,2.1525,3.8,215.68,-41.67,140.06
2026-04-13T02:00,123.2,13.3,4400,4400,2.8,0.3023,202.17,-10.64,120.71
2026-04-13T03:00,247.2,2.9,4000,4000,6.18,0.0725,307.88,9.48,75.59
2026-04-13T04:00,127.5,8.3,4000,4000,3.1875,0.2075,253.76,-2.22,58
2026-04-13T05:00,134.3,27.9,4000,4000,3.3575,0.6975,150.24,-9.27,41.55
2026-04-13T06:00,51.4,15.2,4000,4000,1.285,0.38,105.46,-10.98,31.18
2026-04-13T07:00,0,319.5,4100,4000,0,7.9875,45.09,-109.46,52.35
2026-04-13T08:00,0.1,252.7,4800,4600,0.0021,5.4935,115.56,-87.2,83.55
2026-04-13T09:00,106.2,63,5000,4900,2.124,1.2857,277.43,29.29,210.7
2026-04-13T10:00,195,356.6,6000,6000,3.25,5.9433,260.93,-63.82,104.49
2026-04-13T11:00,72.9,339.1,6000,6000,1.215,5.6517,35.4,-62.21,19.28
2026-04-13T12:00,7.5,178.3,5400,5400,0.1389,3.3019,152.89,-12.54,0.84
2026-04-13T13:00,0,930,5200,5200,0,17.8846,-0.05,-113.18,-0.03
2026-04-13T14:00,0,602.8,5200,5200,0,11.5923,-0.11,-49.19,-0.11
2026-04-13T15:00,1.9,259,5200,5200,0.0365,4.9808,0.53,-14.7,-0.08
2026-04-13T16:00,1.7,283.3,5200,5200,0.0327,5.4481,43.6,-15.66,-0.16
2026-04-13T17:00,4.5,272.2,5200,5200,0.0865,5.2346,0.35,-18.77,-0.06
2026-04-13T18:00,4.5,241.4,5200,5200,0.0865,4.6423,49.21,-15.88,-0.04
2026-04-13T19:00,35.3,164.2,5300,5300,0.666,3.0981,60.87,-15.77,0.01
2026-04-13T20:00,5,390.8,6000,6000,0.0833,6.5133,71.81,-38.26,18.45
2026-04-13T21:00,107.2,447.4,6000,6000,1.7867,7.4567,212.06,-21.55,107.83
2026-04-13T22:00,33.5,287.8,5000,5000,0.67,5.756,112.67,160.19,328.94
2026-04-13T23:00,164.9,10.2,4300,4400,3.8349,0.2318,336.92,290.4,399.8
2026-04-14T00:00,0.6,369,4000,4400,0.015,8.3864,99.08,151.91,359.1
2026-04-14T01:00,1,505.2,4200,4400,0.0238,11.4818,230.34,-26.81,273.35
2026-04-14T02:00,221.6,36.7,4400,4400,5.0364,0.8341,355.29,140.94,261.91
2026-04-14T03:00,0,167.3,4000,4000,0,4.1825,190.92,63.68,248.35
2026-04-14T04:00,2.2,210,4000,4000,0.055,5.25,233.44,76.52,254.1
2026-04-14T05:00,23.6,27.7,4000,4000,0.59,0.6925,212.81,100.26,236.43
2026-04-14T06:00,4.3,229.7,4000,4000,0.1075,5.7425,207.4,19.22,229
2026-04-14T07:00,0,493.6,4100,4000,0,12.34,187.16,-89.95,243.06
2026-04-14T08:00,54.9,106.1,4800,4600,1.1438,2.3065,291.03,108.72,293.2
2026-04-14T09:00,160.8,6,5000,4900,3.216,0.1224,369.76,227.1,377.64
2026-04-14T10:00,43.6,52.4,6000,6000,0.7267,0.8733,388.74,172.01,325.56
2026-04-14T11:00,6.9,380.5,6000,6000,0.115,6.3417,112.91,-30.49,102.6
2026-04-14T12:00,4.7,369.9,5400,5400,0.087,6.85,-12.7,-23.54,2.66
2026-04-14T13:00,0.4,332.4,5200,5200,0.0077,6.3923,0.47,-138.13,-0.53
2026-04-14T14:00,9.1,45.8,5200,5200,0.175,0.8808,17.09,-3.04,-2.4
2026-04-14T15:00,27.7,74,5200,5200,0.5327,1.4231,43.85,-5.94,-2.4
2026-04-14T16:00,12.1,40.5,5200,5200,0.2327,0.7788,50.64,-2.79,-1.13
2026-04-14T17:00,22.6,11.1,5200,5200,0.4346,0.2135,76.47,-0.02,-2
2026-04-14T18:00,12.8,29.5,5200,5200,0.2462,0.5673,22.11,-0.64,-1.03
2026-04-14T19:00,118.9,52.7,5300,5300,2.2434,0.9943,83.09,-3.66,0
2026-04-14T20:00,111.5,163.6,6000,6000,1.8583,2.7267,100.85,-13.7,15.18
2026-04-14T21:00,17.5,476.6,6000,6000,0.2917,7.9433,222.3,-21.47,218.08
2026-04-14T22:00,394.3,15.7,5000,5000,7.886,0.314,552.34,270.22,388.46
2026-04-14T23:00,9.2,128.7,4300,4400,0.214,2.925,349.06,235.76,459.22
2026-04-15T00:00,41.7,267.9,4000,4400,1.0425,6.0886,337.59,156.16,395.47
2026-04-15T01:00,16.8,105.4,4200,4400,0.4,2.3955,324.34,153.47,371.5
2026-04-15T02:00,7.2,68.7,4400,4400,0.1636,1.5614,344.18,279.22,414.96
2026-04-15T03:00,6.2,134.2,4000,4000,0.155,3.355,272.18,184.44,366.3
2026-04-15T04:00,57.9,37.5,4000,4000,1.4475,0.9375,321.92,141.48,336.57
2026-04-15T05:00,30.9,36.3,4000,4000,0.7725,0.9075,276.15,169.4,297.94
2026-04-15T06:00,2.5,90,4000,4000,0.0625,2.25,224.91,161.12,298
2026-04-15T07:00,125,31.6,4100,4000,3.0488,0.79,346.84,117.61,309.65
2026-04-15T08:00,106,23.6,4800,4600,2.2083,0.513,374.74,170.01,370.78
2026-04-15T09:00,8.9,23.5,5000,4900,0.178,0.4796,347.25,345.26,470.36
2026-04-15T10:00,26.6,205.5,6000,6000,0.4433,3.425,308.45,195.97,400.08
2026-04-15T11:00,13.8,238.9,6000,6000,0.23,3.9817,86.29,-7.95,191.35
2026-04-15T12:00,19.3,278.7,5400,5400,0.3574,5.1611,56.3,-14.95,6.92
2026-04-15T13:00,5.3,225.7,5200,5200,0.1019,4.3404,41.5,-11.69,-0.01
2026-04-15T14:00,1.3,348,5200,5200,0.025,6.6923,21.2,-19.06,-0.39
2026-04-15T15:00,3.5,365.7,5200,5200,0.0673,7.0327,0.82,-25.55,-1.44
2026-04-15T16:00,16.6,89.9,5200,5200,0.3192,1.7288,84.01,-9.33,-2
2026-04-15T17:00,1,294.3,5200,5200,0.0192,5.6596,-0.31,-19.62,-3.24
2026-04-15T18:00,2.5,146,5200,5200,0.0481,2.8077,0.65,-12.21,-2.17
2026-04-15T19:00,44.4,313.8,5300,5300,0.8377,5.9208,13.52,-17.4,-0.02
2026-04-15T20:00,170.3,246.7,6000,6000,2.8383,4.1117,118.75,-18.06,20.43
2026-04-15T21:00,32.4,205,6000,6000,0.54,3.4167,329.68,101.28,304.61
2026-04-15T22:00,134.5,5,5000,5000,2.69,0.1,496.17,273.6,514.79
2026-04-15T23:00,27.1,45.6,4300,4400,0.6302,1.0364,404.92,289.12,538.4
2026-04-16T00:00,2.9,260.2,4000,4400,0.0725,5.9136,350.12,245.07,484.6
2026-04-16T01:00,7.1,94.3,4200,4400,0.169,2.1432,323.2,299.43,434.3
2026-04-16T02:00,299.4,7.5,4400,4400,6.8045,0.1705,435.8,245,378.66
2026-04-16T03:00,218.4,4.7,4000,4000,5.46,0.1175,403.59,365.6,358.62
2026-04-16T04:00,73.2,8.8,4000,4000,1.83,0.22,347.52,269.25,356.93
2026-04-16T05:00,110.8,10.2,4000,4000,2.77,0.255,349.45,331.03,357.07
2026-04-16T06:00,153.1,0.3,4000,4000,3.8275,0.0075,380.7,209.35,360.84
2026-04-16T07:00,38.4,89.6,4100,4000,0.9366,2.24,328.99,268.04,369.79
2026-04-16T08:00,161.3,27.3,4800,4600,3.3604,0.5935,414.44,198.51,414.01
2026-04-16T09:00,4.1,180,5000,4900,0.082,3.6735,397.87,279.78,484.63
2026-04-16T10:00,39.4,253.6,6000,6000,0.6567,4.2267,362.5,242.04,498.81
2026-04-16T11:00,7.4,426.1,6000,6000,0.1233,7.1017,307.57,10.02,394.91
2026-04-16T12:00,68.5,54.1,5400,5400,1.2685,1.0019,178.99,-9.78,133.27
2026-04-16T13:00,0,248.4,5200,5200,0,4.7769,0,-224.57,2.09
2026-04-16T14:00,351.4,101,5200,5200,6.7577,1.9423,319.1,-7.47,0
2026-04-16T15:00,41.6,81.4,5200,5200,0.8,1.5654,17.95,-5.97,0
2026-04-16T16:00,6.7,251,5200,5200,0.1288,4.8269,3.63,-13.94,0
2026-04-16T17:00,7,141.9,5200,5200,0.1346,2.7288,22.55,-9.38,0
2026-04-16T18:00,210.5,12.9,5200,5200,4.0481,0.2481,33.48,-0.63,-0.02
2026-04-16T19:00,74.3,50.3,5300,5300,1.4019,0.9491,27.24,-4.06,4.6
2026-04-16T20:00,87.3,206.7,6000,6000,1.455,3.445,186.85,34.03,163.16
2026-04-16T21:00,283.7,2.9,6000,6000,4.7283,0.0483,459.34,198.34,382.43
2026-04-16T22:00,12.6,126,5000,5000,0.252,2.52,398.37,238.69,487.24
2026-04-16T23:00,24.5,125.8,4300,4400,0.5698,2.8591,395.42,251.12,538.62
2026-04-17T00:00,9.1,160.7,4000,4400,0.2275,3.6523,392.88,281.99,513.83
2026-04-17T01:00,4.3,92.6,4200,4400,0.1024,2.1045,367.89,341.48,456.4
2026-04-17T02:00,25.9,53.5,4400,4400,0.5886,1.2159,395.44,281.6,479.67
2026-04-17T03:00,51.9,20.9,4000,4000,1.2975,0.5225,393.92,283.59,459.57
2026-04-17T04:00,47.8,28.3,4000,4000,1.195,0.7075,379.83,288.33,450.13
2026-04-17T05:00,4.8,62.6,4000,4000,0.12,1.565,325.34,305.33,424.11
2026-04-17T06:00,98.2,9.8,4000,4000,2.455,0.245,407.5,309.11,418.32
2026-04-17T07:00,97.4,5.6,4100,4000,2.3756,0.14,396.31,322.68,437.32
2026-04-17T08:00,11.4,145.6,4800,4600,0.2375,3.1652,371.43,279.35,444.71
2026-04-17T09:00,7,110.6,5000,4900,0.14,2.2571,364.3,312.31,465.74
2026-04-17T10:00,373.3,25.8,6000,6000,6.2217,0.43,456.23,237.39,449.84
2026-04-17T11:00,82.9,611.6,6000,6000,1.3817,10.1933,256.39,50.78,324.91
2026-04-17T12:00,14.1,49,5400,5400,0.2611,0.9074,99.6,-1.31,86.58
2026-04-17T13:00,81.9,12.2,5200,5200,1.575,0.2346,80.59,-2.22,3.62
2026-04-17T14:00,1,332.4,5200,5200,0.0192,6.3923,16.05,-15.73,0.01
2026-04-17T15:00,6.9,87.8,5200,5200,0.1327,1.6885,30.8,-5.05,0
2026-04-17T16:00,57.1,48,5200,5200,1.0981,0.9231,10.63,-7.05,0
2026-04-17T17:00,68.1,124.4,5200,5200,1.3096,2.3923,22.93,-7.13,0
2026-04-17T18:00,186.8,15.9,5200,5200,3.5923,0.3058,32.71,-1,0
2026-04-17T19:00,56.5,106.2,5300,5300,1.066,2.0038,24.1,-7.58,4.02
2026-04-17T20:00,41,109.5,6000,6000,0.6833,1.825,141.03,0.67,179.95
2026-04-17T21:00,44.6,85,6000,6000,0.7433,1.4167,346.65,220.14,349.68
2026-04-17T22:00,10.7,186,5000,5000,0.214,3.72,366.49,264.24,463.23
2026-04-17T23:00,59.3,26.9,4300,4400,1.3791,0.6114,439.9,246.37,492.02
2026-04-18T00:00,41.4,24,4000,4400,1.035,0.5455,427.7,312.83,457.03
2026-04-18T01:00,31.5,29.3,4200,4400,0.75,0.6659,381.23,261.09,413.06
2026-04-18T02:00,93.6,8.2,4200,4200,2.2286,0.1952,365.76,146.57,386.53
2026-04-18T03:00,108.8,4.8,4000,4000,2.72,0.12,374.07,145.6,363.82
2026-04-18T04:00,68.9,4.1,4000,4000,1.7225,0.1025,338.74,105.24,333.13
2026-04-18T05:00,70.9,56.7,4000,4000,1.7725,1.4175,330.52,187.26,308.97
2026-04-18T06:00,4.3,132.6,4000,4000,0.1075,3.315,258.61,198.44,300.16
2026-04-18T07:00,222.5,8.4,4000,4000,5.5625,0.21,416.64,104.21,306.81
2026-04-18T08:00,29.6,143.9,4000,4000,0.74,3.5975,304.62,227.28,333.17
2026-04-18T09:00,54,68,4900,4800,1.102,1.4167,318.27,266.58,339.91
2026-04-18T10:00,87.5,79.7,6000,6000,1.4583,1.3283,354.79,160.69,252.11
2026-04-18T11:00,4.2,353,6000,6000,0.07,5.8833,29.54,-43.51,81.91
2026-04-18T12:00,3.9,519.8,5400,5400,0.0722,9.6259,-32.65,-25.53,7.12
2026-04-18T13:00,95,104.8,5200,5200,1.8269,2.0154,10.83,-12.71,-2.81
2026-04-18T14:00,100.3,6.6,5200,5200,1.9288,0.1269,3.75,-3.68,-4.14
2026-04-18T15:00,160.5,2.3,5200,5200,3.0865,0.0442,11,-4.18,-8.21
2026-04-18T16:00,122.1,16.3,5200,5200,2.3481,0.3135,10.84,-5.6,-8.31
2026-04-18T17:00,454.8,1.6,5200,5200,8.7462,0.0308,128.29,-4.3,-5.31
2026-04-18T18:00,298.4,5.7,5200,5200,5.7385,0.1096,21.75,-3.24,-3.63
2026-04-18T19:00,18.9,46.6,5300,5300,0.3566,0.8792,1.16,-6.2,-0.42
2026-04-18T20:00,222.5,10.7,6000,6000,3.7083,0.1783,177.8,11.74,14.5
2026-04-18T21:00,8.8,182.3,6000,6000,0.1467,3.0383,179.21,78.31,167.87
2026-04-18T22:00,6.6,90.5,5000,5000,0.132,1.81,262.7,226.81,318.06
2026-04-18T23:00,114.5,117.1,4300,4000,2.6628,2.9275,337.61,120.95,335.5
2026-04-19T00:00,65.9,192,4000,4000,1.6475,4.8,298.88,151.2,326.65
2026-04-19T01:00,307.8,147.5,4000,4000,7.695,3.6875,399.61,192.85,326.55
2026-04-19T02:00,68.1,101.3,4200,4200,1.6214,2.4119,347.65,122.75,279.6
2026-04-19T03:00,100.4,254.7,4000,4000,2.51,6.3675,306.17,97.73,241.86
2026-04-19T04:00,74,33.9,4000,4000,1.85,0.8475,294.42,163.22,216.59
2026-04-19T05:00,3.7,233.3,4000,4000,0.0925,5.8325,167.33,93.38,195.8
2026-04-19T06:00,121.2,55.4,4000,4000,3.03,1.385,298.12,98.79,182.62
2026-04-19T07:00,50.1,74.8,4000,4000,1.2525,1.87,273.1,149.39,232.72
2026-04-19T08:00,52.5,32.5,4000,4000,1.3125,0.8125,270.22,231.67,263.32
2026-04-19T09:00,31,108.8,4900,4800,0.6327,2.2667,271.81,173.97,283.03
2026-04-19T10:00,368.6,88.1,6000,6000,6.1433,1.4683,375.3,86.55,150.3
2026-04-19T11:00,83.6,135.6,6000,6000,1.3933,2.26,28.47,-25.41,9.52
2026-04-19T12:00,127.2,28.6,5400,5400,2.3556,0.5296,47.37,-14.59,-2.33
2026-04-19T13:00,29,42.1,5200,5200,0.5577,0.8096,37.5,-11.52,-7.92
2026-04-19T14:00,9.6,139.7,5200,5200,0.1846,2.6865,10.98,-15.96,-8.4
2026-04-19T15:00,10.7,59.3,5200,5200,0.2058,1.1404,8.9,-10.28,-8.4
2026-04-19T16:00,67.2,8,5200,5200,1.2923,0.1538,23.49,-0.48,-12.02
2026-04-19T17:00,14.8,10.6,5200,5200,0.2846,0.2038,41.47,-0.34,-12.01
2026-04-19T18:00,9.9,14.9,5200,5200,0.1904,0.2865,78.32,-1.44,-17.11
2026-04-19T19:00,83.9,11.5,5300,5300,1.583,0.217,74.27,-1.43,-5.13
2026-04-19T20:00,275.1,37.1,6000,6000,4.585,0.6183,301.55,-6.55,2.01
2026-04-19T21:00,57.7,74.7,6000,6000,0.9617,1.245,143.44,26.83,141.96
2026-04-19T22:00,154.9,16.1,5000,5000,3.098,0.322,366.58,289.18,311.5
2026-04-19T23:00,220.9,119.3,4300,4000,5.1372,2.9825,367.62,277.49,350.53
2026-04-20T00:00,79.5,28.1,4000,4000,1.9875,0.7025,346.94,214.23,346.87
2026-04-20T01:00,117.5,31.1,4000,4000,2.9375,0.7775,358.05,258.3,342.14
2026-04-20T02:00,78,228.7,4400,4400,1.7727,5.1977,310.2,147.59,324.1
2026-04-20T03:00,2.6,156.1,4000,4000,0.065,3.9025,251.36,224.4,303.61
2026-04-20T04:00,81.5,94.9,4000,4000,2.0375,2.3725,294.36,226.36,298.86
2026-04-20T05:00,0.5,222.2,4000,4000,0.0125,5.555,222.27,197.43,291.12
2026-04-20T06:00,60.5,126.8,4000,4000,1.5125,3.17,279.9,167.59,296.51
2026-04-20T07:00,87,25.9,4100,4000,2.122,0.6475,337.13,138.55,306.51
2026-04-20T08:00,148,23.8,4800,4600,3.0833,0.5174,332.89,234.44,317.9
2026-04-20T09:00,59,298.1,5000,4900,1.18,6.0837,320.02,206.49,367.2
2026-04-20T10:00,7.7,238.5,6000,6000,0.1283,3.975,299.73,57.66,324.13
2026-04-20T11:00,12.5,527.3,6000,6000,0.2083,8.7883,86.09,-87.46,202.43
2026-04-20T12:00,75.6,308.7,5400,5400,1.4,5.7167,72.47,-13.32,17.66
2026-04-20T13:00,426.5,2,5200,5200,8.2019,0.0385,155.08,1.52,0.55
2026-04-20T14:00,13.9,79.9,5200,5200,0.2673,1.5365,53.98,-6.85,0.6
2026-04-20T15:00,214.5,38.7,5200,5200,4.125,0.7442,60.49,-2.71,0.01
2026-04-20T16:00,125.7,16.8,5200,5200,2.4173,0.3231,23.53,-3.76,0
2026-04-20T17:00,67.9,20.7,5200,5200,1.3058,0.3981,15.56,-2.35,0
2026-04-20T18:00,18.5,106.1,5200,5200,0.3558,2.0404,11.81,-8.94,0.01
2026-04-20T19:00,80.5,10.6,5300,5300,1.5189,0.2,39.92,1.68,10.51
2026-04-20T20:00,324.8,417.6,6000,6000,5.4133,6.96,350.87,-7.39,93.47
2026-04-20T21:00,558.4,0.3,6000,6000,9.3067,0.005,466.22,271.53,222.49
2026-04-20T22:00,378.4,0,5000,5000,7.568,0,709.2,396.99,365.4
2026-04-20T23:00,191.8,110.9,4300,4400,4.4605,2.5205,447.42,328.2,438.18
2026-04-21T00:00,171.4,78.6,4000,4400,4.285,1.7864,376.87,238.81,371.31
2026-04-21T01:00,74.5,292,4200,4400,1.7738,6.6364,296.18,176.47,328.7
2026-04-21T02:00,10.7,215.5,4400,4400,0.2432,4.8977,271.95,202.57,351.2
2026-04-21T03:00,6.4,191.7,4000,4000,0.16,4.7925,249.11,172.11,319.68
2026-04-21T04:00,31.3,18.6,4000,4000,0.7825,0.465,274.12,196.92,305.33
2026-04-21T05:00,169.4,3.1,4000,4000,4.235,0.0775,340.13,178.65,297.13
2026-04-21T06:00,140,7.9,4000,4000,3.5,0.1975,318.73,204.11,289.12
2026-04-21T07:00,23.1,53.6,4100,4000,0.5634,1.34,276.23,268.95,292.34
2026-04-21T08:00,144.8,91.3,4800,4600,3.0167,1.9848,352.52,260.23,299.68
2026-04-21T09:00,14.6,103.1,5000,4900,0.292,2.1041,316.4,199.01,326.34
2026-04-21T10:00,21.8,224.4,6000,6000,0.3633,3.74,289.41,136.29,281.26
2026-04-21T11:00,178.8,69.7,6000,6000,2.98,1.1617,279.69,46.35,143.69
2026-04-21T12:00,77.4,550.7,5400,5400,1.4333,10.1981,16.5,-171.49,17.09
2026-04-21T13:00,18.8,361,5200,5200,0.3615,6.9423,20.18,-22.76,0.85
2026-04-21T14:00,177.2,7.4,5200,5200,3.4077,0.1423,175.77,-1.2,-0.01
2026-04-21T15:00,242,1.4,5200,5200,4.6538,0.0269,263.89,0.37,-0.15
2026-04-21T16:00,336.5,8.8,5200,5200,6.4712,0.1692,94.82,-0.55,-0.42
2026-04-21T17:00,133.8,125.4,5200,5200,2.5731,2.4115,262.62,-13.69,-0.43
2026-04-21T18:00,41.7,120,5200,5200,0.8019,2.3077,15.58,-13.61,-0.27
2026-04-21T19:00,12.9,192.8,5300,5300,0.2434,3.6377,0.01,-19.29,0.85
2026-04-21T20:00,34.4,366.9,6000,6000,0.5733,6.115,164.7,-419.76,20.61
2026-04-21T21:00,158,16.5,6000,6000,2.6333,0.275,396.23,61.56,149.37
2026-04-21T22:00,172.3,18.2,5000,5000,3.446,0.364,571.89,255.15,303.28
2026-04-21T23:00,255.2,157.2,4300,4400,5.9349,3.5727,474.58,231.36,335.41
2026-04-22T00:00,1.3,250.7,4000,4400,0.0325,5.6977,242.28,140.88,311.68
2026-04-22T01:00,46.4,121.3,4200,4400,1.1048,2.7568,312.05,185.17,303.08
2026-04-22T02:00,3.3,142.1,4400,4400,0.075,3.2295,275.24,237.12,334.87
2026-04-22T03:00,158.9,49.5,4000,4000,3.9725,1.2375,375.71,115.01,305.94
2026-04-22T04:00,0.1,304.5,4000,4000,0.0025,7.6125,238.23,139.17,293.08
2026-04-22T05:00,0.7,282,4000,4000,0.0175,7.05,235.33,129.89,295.54
2026-04-22T06:00,20.3,65.6,4000,4000,0.5075,1.64,283.94,258.28,290.66
2026-04-22T07:00,157.4,5.4,4100,4000,3.839,0.135,341.96,156.71,292.91
2026-04-22T08:00,216.5,11,4800,4600,4.5104,0.2391,397.8,270.41,307.83
2026-04-22T09:00,126.4,23.7,5000,4900,2.528,0.4837,392.91,290.9,370.24
2026-04-22T10:00,423.1,26.2,6000,6000,7.0517,0.4367,454.67,96,328.33
2026-04-22T11:00,235.4,33.7,6000,6000,3.9233,0.5617,317.3,30.59,188.43
2026-04-22T12:00,392.7,5.9,5400,5400,7.2722,0.1093,435.32,5.55,13.47
2026-04-22T13:00,75.8,22.1,5200,5200,1.4577,0.425,147.93,-2.91,0.27
2026-04-22T14:00,414.3,0.2,5200,5200,7.9673,0.0038,451.23,2,-0.52
2026-04-22T15:00,86.2,215.1,5200,5200,1.6577,4.1365,26.35,-16.16,-2.31
2026-04-22T16:00,104.3,34.6,5200,5200,2.0058,0.6654,80.16,-5.96,-3.42
2026-04-22T17:00,9.8,138.9,5200,5200,0.1885,2.6712,13.41,-14.32,-3.81
2026-04-22T18:00,63.9,89.2,5200,5200,1.2288,1.7154,45.11,-8.02,-1.18
2026-04-22T19:00,35,16.4,5300,5300,0.6604,0.3094,72.44,-1.43,-0.01
2026-04-22T20:00,237.3,1.8,6000,6000,3.955,0.03,393.54,14.64,23.03
2026-04-22T21:00,222,5.9,6000,6000,3.7,0.0983,347.78,127.48,183.58
2026-04-22T22:00,74.1,88.4,5000,5000,1.482,1.768,359.84,213.12,344.3
2026-04-22T23:00,0.1,342.9,4300,4400,0.0023,7.7932,325.63,203.37,433.04
2026-04-23T00:00,7.3,167,4000,4400,0.1825,3.7955,345.95,201.34,376.04
2026-04-23T01:00,3.8,262.5,4200,4400,0.0905,5.9659,258.51,158.48,333.41
2026-04-23T02:00,23.8,40.8,4400,4400,0.5409,0.9273,313.49,238.59,356.11
2026-04-23T03:00,166.8,34.6,4000,4000,4.17,0.865,366.77,100.31,325.32
2026-04-23T04:00,9.5,68.8,4000,4000,0.2375,1.72,259.81,200.39,327.9
2026-04-23T05:00,399.4,2.4,4000,4000,9.985,0.06,415.09,293.47,324.52
2026-04-23T06:00,158.9,20.4,4000,4000,3.9725,0.51,380.02,171.51,323.4
2026-04-23T07:00,221.1,1.4,4100,4000,5.3927,0.035,380.92,236.51,323.44
2026-04-23T08:00,54.3,72.5,4800,4600,1.1312,1.5761,335.13,213.55,328.46
2026-04-23T09:00,10.1,390,5000,4900,0.202,7.9592,315.05,171.39,356.22
2026-04-23T10:00,36.5,63,6000,6000,0.6083,1.05,328.67,250.98,342.2
2026-04-23T11:00,88.9,92.2,6000,6000,1.4817,1.5367,235.11,21.98,155.62
2026-04-23T12:00,14.2,359.5,5400,5400,0.263,6.6574,44.19,-35.9,15.72
2026-04-23T13:00,111.5,39.2,5200,5200,2.1442,0.7538,110.77,-18.12,0
2026-04-23T14:00,77.9,48.4,5200,5200,1.4981,0.9308,73.69,-11.52,-1.22
2026-04-23T15:00,40.8,88.8,5200,5200,0.7846,1.7077,16.83,-10.17,-2.11
2026-04-23T16:00,68.6,355.5,5200,5200,1.3192,6.8365,20.23,-70.86,-2.87
2026-04-23T17:00,36.7,137,5200,5200,0.7058,2.6346,4.22,-10.25,-3.24
2026-04-23T18:00,179.2,47.6,5200,5200,3.4462,0.9154,154.93,-3.93,-1.49
2026-04-23T19:00,1.3,988.3,5300,5300,0.0245,18.6472,-1.91,-1040.78,3.01
2026-04-23T20:00,29.5,353.7,6000,6000,0.4917,5.895,20.79,-36.62,50.8
2026-04-23T21:00,337.5,21.9,6000,6000,5.625,0.365,861.06,151.02,191.28
2026-04-23T22:00,323.4,6.6,5000,5000,6.468,0.132,460.89,195.07,302.46
2026-04-23T23:00,304.2,43.2,4300,4400,7.0744,0.9818,462.43,229.72,357.87
2026-04-24T00:00,80.9,62.9,4000,4400,2.0225,1.4295,338.58,155.29,323.62
2026-04-24T01:00,119.5,39.2,4200,4400,2.8452,0.8909,329,133.15,315
2026-04-24T02:00,205.5,2.6,4400,4400,4.6705,0.0591,415.86,129.32,336.68
2026-04-24T03:00,87.4,6.5,4000,4000,2.185,0.1625,402.83,243.06,331.64
2026-04-24T04:00,326.5,0,4000,4000,8.1625,0,440.47,342.82,327.12
2026-04-24T05:00,274.5,1.5,4000,4000,6.8625,0.0375,437.66,268.83,326.88
2026-04-24T06:00,365.6,0.1,4000,4000,9.14,0.0025,463.06,315.64,328.08
2026-04-24T07:00,85,183,4100,4000,2.0732,4.575,384.55,221.81,337.88
2026-04-24T08:00,303.3,3.7,4800,4600,6.3188,0.0804,582.91,105.23,375.49
2026-04-24T09:00,228.4,2.6,5000,4900,4.568,0.0531,455.34,192.94,420.46
2026-04-24T10:00,25.1,8,6000,6000,0.4183,0.1333,212.23,50.16,404.36
2026-04-24T11:00,36.4,3.5,6000,6000,0.6067,0.0583,102.69,80.04,362.9
2026-04-24T12:00,22.5,180.2,5400,5400,0.4167,3.337,339.4,94.05,318.64
2026-04-24T13:00,91.4,27.6,5200,5200,1.7577,0.5308,206.38,23.81,205.91
2026-04-24T14:00,25.4,62.2,5200,5200,0.4885,1.1962,104.8,3.06,101.48
2026-04-24T15:00,0.7,234.5,5200,5200,0.0135,4.5096,24.56,-18,82
2026-04-24T16:00,7.3,177,5200,5200,0.1404,3.4038,45.02,-9.84,62.07
2026-04-24T17:00,155.6,80.8,5200,5200,2.9923,1.5538,246.69,12.52,58.84
2026-04-24T18:00,406.6,0.8,5200,5200,7.8192,0.0154,332.28,53.24,81.18
2026-04-24T19:00,297.4,11.8,5300,5300,5.6113,0.2226,297.06,75.16,171.01
2026-04-24T20:00,192.7,13.2,6000,6000,3.2117,0.22,391.74,205.35,304.63
2026-04-24T21:00,157.1,20.9,6000,6000,2.6183,0.3483,386.03,233.58,381.08
2026-04-24T22:00,275.1,4,5000,5000,5.502,0.08,549.33,404.05,413.71
2026-04-24T23:00,244,133.3,4300,4400,5.6744,3.0295,495.82,355.74,451.42
2026-04-25T00:00,212,2,4000,4400,5.3,0.0455,465.02,161.81,413.42
2026-04-25T01:00,116.7,24.7,4200,4400,2.7786,0.5614,384.17,163.56,376.64
2026-04-25T02:00,2.3,48.8,4200,4200,0.0548,1.1619,311.5,289.38,369.65
2026-04-25T03:00,70.1,5.8,4000,4000,1.7525,0.145,407.38,116.54,358.23
2026-04-25T04:00,60.5,5.4,4000,4000,1.5125,0.135,405.28,144.08,355.33
2026-04-25T05:00,3.7,39.2,4000,4000,0.0925,0.98,357.6,230.15,356.85
2026-04-25T06:00,234.1,0.3,4000,4000,5.8525,0.0075,447.81,262.69,356.03
2026-04-25T07:00,126.1,3.5,4000,4000,3.1525,0.0875,404.21,273.25,354.62
2026-04-25T08:00,125.7,1.8,4000,4000,3.1425,0.045,420.93,155.12,355.68
2026-04-25T09:00,76.3,36.6,4900,4800,1.5571,0.7625,347.97,195.59,352.3
2026-04-25T10:00,393.8,0.2,6000,6000,6.5633,0.0033,453.63,157.03,291.13
2026-04-25T11:00,227.8,66.6,6000,6000,3.7967,1.11,301.88,23.55,87.65
2026-04-25T12:00,104.7,70.6,5400,5400,1.9389,1.3074,211.9,-172.28,12.41
2026-04-25T13:00,105.6,106.6,5200,5200,2.0308,2.05,192.67,-186.06,1.36
2026-04-25T14:00,184.3,27.2,5200,5200,3.5442,0.5231,185.14,-5.06,-0.01
2026-04-25T15:00,145.8,16.9,5200,5200,2.8038,0.325,31.39,-11.02,-0.01
2026-04-25T16:00,78,11.4,5200,5200,1.5,0.2192,-1.34,-1.23,-0.04
2026-04-25T17:00,36.1,49.3,5200,5200,0.6942,0.9481,3.17,-12.38,-0.04
2026-04-25T18:00,23,173.6,5200,5200,0.4423,3.3385,18.43,-19.25,-0.02
2026-04-25T19:00,30,297.7,5300,5300,0.566,5.617,44.47,-43.24,3.82
2026-04-25T20:00,153.4,84.7,6000,6000,2.5567,1.4117,242.48,-9.68,59
2026-04-25T21:00,27.9,217.5,6000,6000,0.465,3.625,75.44,63.88,210.29
2026-04-25T22:00,83.7,79.1,5000,5000,1.674,1.582,510.26,318.29,295.29
2026-04-25T23:00,68.6,27.1,4300,4000,1.5953,0.6775,412.47,261.46,358.53
2026-04-26T00:00,178.3,0.8,4000,4000,4.4575,0.02,431.82,198.94,350.87
2026-04-26T01:00,207.9,1.3,4000,4000,5.1975,0.0325,429.25,108.41,346.77
2026-04-26T02:00,31.7,33.7,4200,4200,0.7548,0.8024,420.01,275.59,310.12
2026-04-26T03:00,92.9,55.7,4000,4000,2.3225,1.3925,301.74,137.2,243.61
2026-04-26T04:00,64.3,190,4000,4000,1.6075,4.75,222.49,99.88,220.8
2026-04-26T05:00,25.1,129.7,4000,4000,0.6275,3.2425,214.76,138.82,197.99
2026-04-26T06:00,40.5,91.2,4000,4000,1.0125,2.28,358.27,164.24,200
2026-04-26T07:00,79.6,54.9,4000,4000,1.99,1.3725,338.21,249.29,214.1
2026-04-26T08:00,0.9,127.2,4000,4000,0.0225,3.18,309.18,207.77,258.34
2026-04-26T09:00,39.5,105.4,4900,4800,0.8061,2.1958,355.08,223.98,261.64
2026-04-26T10:00,3.3,184.1,6000,6000,0.055,3.0683,247.47,100.08,99.75
2026-04-26T11:00,4.8,232.6,6000,6000,0.08,3.8767,24.27,-60.99,0.41
2026-04-26T12:00,209,12.1,5400,5400,3.8704,0.2241,34.66,-339.13,-8.3
2026-04-26T13:00,47.2,36.9,5200,5200,0.9077,0.7096,16.61,-230.8,-17
2026-04-26T14:00,8.2,100.7,5200,5200,0.1577,1.9365,2.17,-14.22,-20
2026-04-26T15:00,157.8,7.9,5200,5200,3.0346,0.1519,9.49,-2.42,-20
2026-04-26T16:00,52.4,59.3,5200,5200,1.0077,1.1404,10.06,6.85,-20
2026-04-26T17:00,0.7,296.4,5200,5200,0.0135,5.7,-5.57,-31.8,-20.46
2026-04-26T18:00,162.2,20.7,5200,5200,3.1192,0.3981,26.42,89.39,-18.01
2026-04-26T19:00,385.8,48.6,5300,5300,7.2792,0.917,320.72,73.64,-2.24
2026-04-26T20:00,61.1,258.3,6000,6000,1.0183,4.305,26.81,-23.52,11.93
2026-04-26T21:00,44.3,109,6000,6000,0.7383,1.8167,142.36,-7.97,124.91
2026-04-26T22:00,217.6,6.6,5000,5000,4.352,0.132,502.02,76.04,291.07
2026-04-26T23:00,149.9,33.5,4300,4000,3.486,0.8375,428.79,258.81,372.64
2026-04-27T00:00,30.2,43.6,4000,4000,0.755,1.09,489.78,229.87,380.31
2026-04-27T01:00,5.5,34.1,4000,4000,0.1375,0.8525,317.69,189.25,327.2
2026-04-27T02:00,77,43,4400,4400,1.75,0.9773,374.95,104.68,326.97
2026-04-27T03:00,207.5,5.4,4000,4000,5.1875,0.135,406.43,172.55,311.6
2026-04-27T04:00,34.2,32,4000,4000,0.855,0.8,335.67,178.27,255.37
2026-04-27T05:00,208.7,0.8,4000,4000,5.2175,0.02,382.32,113,235.01
2026-04-27T06:00,180.5,2.4,4000,4000,4.5125,0.06,369.1,153.98,219.84
2026-04-27T07:00,83.6,28.5,4100,4000,2.039,0.7125,347.87,189.53,278.38
2026-04-27T08:00,41.8,38.4,4800,4600,0.8708,0.8348,335.73,201.85,357.8
2026-04-27T09:00,1.6,227.1,5000,4900,0.032,4.6347,325.82,267.39,399.63
2026-04-27T10:00,33.7,226.6,6000,6000,0.5617,3.7767,428.04,162.15,330.65
2026-04-27T11:00,7.6,119.1,6000,6000,0.1267,1.985,99.66,-0.54,99.19
2026-04-27T12:00,143.2,234.9,5400,5400,2.6519,4.35,259.98,-16.34,4.09
2026-04-27T13:00,100.8,182.5,5200,5200,1.9385,3.5096,135.94,-12.06,-0.03
2026-04-27T14:00,5.3,235.7,5200,5200,0.1019,4.5327,30.1,-16.06,-0.39
2026-04-27T15:00,26.5,26.6,5200,5200,0.5096,0.5115,11.54,-3.87,-3.32
2026-04-27T16:00,10.8,38.3,5200,5200,0.2077,0.7365,3.08,-5.48,-1.99
2026-04-27T17:00,1.1,231.5,5200,5200,0.0212,4.4519,3.8,-16.48,-1.44
2026-04-27T18:00,21.9,85.8,5200,5200,0.4212,1.65,22.78,-7.65,-0.14
2026-04-27T19:00,9.3,79.2,5300,5300,0.1755,1.4943,16.51,-6.55,1.62
2026-04-27T20:00,36.8,112,6000,6000,0.6133,1.8667,53.89,-7.54,39.32
2026-04-27T21:00,5.3,71.4,6000,6000,0.0883,1.19,395.99,113.87,255.4
2026-04-27T22:00,8.6,153.6,5000,5000,0.172,3.072,296.48,248.9,345.72
2026-04-27T23:00,25.9,209.1,4300,4400,0.6023,4.7523,308.67,198.72,388.63
2026-04-28T00:00,53.9,29.4,4000,4400,1.3475,0.6682,330.8,270.8,342.81
2026-04-28T01:00,44.6,7.3,4200,4400,1.0619,0.1659,374.8,238.08,325.86
2026-04-28T02:00,15.9,129.7,4400,4400,0.3614,2.9477,426.56,205.76,335.86
2026-04-28T03:00,120.2,30.3,4000,4000,3.005,0.7575,423.3,185.91,318.55
2026-04-28T04:00,371.2,0.8,4000,4000,9.28,0.02,537.1,211.52,306.23
2026-04-28T05:00,108.3,4.7,4000,4000,2.7075,0.1175,400.29,225.96,298
2026-04-28T06:00,75.8,31.3,4000,4000,1.895,0.7825,404.03,246.08,297.3
2026-04-28T07:00,40.4,236.2,4100,4000,0.9854,5.905,355.3,166.99,310.7
2026-04-28T08:00,1.9,178.2,4800,4600,0.0396,3.8739,270.83,200.82,336.77
2026-04-28T09:00,0.7,395.4,5000,4900,0.014,8.0694,288.81,197.91,375.47
2026-04-28T10:00,299.8,60,6000,6000,4.9967,1,417.96,261.73,355.36
2026-04-28T11:00,237.2,270.8,6000,6000,3.9533,4.5133,319.89,70.09,236.14
2026-04-28T12:00,219.7,352.7,5400,5400,4.0685,6.5315,189.69,-20.4,45.24
2026-04-28T13:00,258.7,24.4,5200,5200,4.975,0.4692,199.78,-9.64,4.18
2026-04-28T14:00,34.2,9.7,5200,5200,0.6577,0.1865,11.12,-8.52,1.86
2026-04-28T15:00,704.5,0,5200,5200,13.5481,0,566.71,3.02,0.04
2026-04-28T16:00,128,3.7,5200,5200,2.4615,0.0712,26.65,0.37,0.03
2026-04-28T17:00,41.5,15,5200,5200,0.7981,0.2885,2.55,-2.79,0.54
2026-04-28T18:00,286.2,3.2,5200,5200,5.5038,0.0615,463.75,-0.86,3.93
2026-04-28T19:00,43.6,143.9,5300,5300,0.8226,2.7151,22.89,-8.14,31.43
2026-04-28T20:00,239.9,5.4,6000,6000,3.9983,0.09,380.79,119.56,165.35
2026-04-28T21:00,173.2,127.9,6000,6000,2.8867,2.1317,374.81,199.46,328.92
2026-04-28T22:00,91.4,47.2,5000,5000,1.828,0.944,427.68,222.51,392.8
2026-04-28T23:00,253.6,20.2,4300,4400,5.8977,0.4591,462.71,211.42,437.82
2026-04-29T00:00,16.6,101.7,4000,4400,0.415,2.3114,384.27,172.47,397.29
2026-04-29T01:00,270.4,0.9,4200,4400,6.4381,0.0205,563.42,196.98,364.63
2026-04-29T02:00,113.5,78.5,4400,4400,2.5795,1.7841,425.49,259.92,394.13
2026-04-29T03:00,48.5,125.3,4000,4000,1.2125,3.1325,346.57,236.33,370.39
2026-04-29T04:00,97.7,9.7,4000,4000,2.4425,0.2425,416.84,216.66,359
2026-04-29T05:00,125.2,7.4,4000,4000,3.13,0.185,414.04,311.53,357.36
2026-04-29T06:00,253.1,0,4000,4000,6.3275,0,430.34,396.04,356.55
2026-04-29T07:00,52.6,40.5,4100,4000,1.2829,1.0125,368.3,283.76,365.92
2026-04-29T08:00,77.1,89.8,4800,4600,1.6062,1.9522,407.54,226.48,424.46
2026-04-29T09:00,73.3,25.1,5000,4900,1.466,0.5122,415.33,211.73,433.19
2026-04-29T10:00,132.2,23.1,6000,6000,2.2033,0.385,404.13,253.55,420.59
2026-04-29T11:00,149.4,6,6000,6000,2.49,0.1,404.61,135.05,391.01
2026-04-29T12:00,432.5,9.7,5400,5400,8.0093,0.1796,664.43,306.47,374.71
2026-04-29T13:00,340.4,24.3,5200,5200,6.5462,0.4673,526.19,144.18,257.73
2026-04-29T14:00,102.1,57.6,5200,5200,1.9635,1.1077,299.71,16.76,170.04
2026-04-29T15:00,18.6,458.3,5200,5200,0.3577,8.8135,145.69,-28.64,117.01
2026-04-29T16:00,151.1,130.9,5200,5200,2.9058,2.5173,300.29,23.57,87.49
2026-04-29T17:00,239.6,11.7,5200,5200,4.6077,0.225,256.87,19.6,56.89
2026-04-29T18:00,4.2,300.5,5200,5200,0.0808,5.7788,25.68,-19.49,70.99
2026-04-29T19:00,296.1,58.1,5300,5300,5.5868,1.0962,799.1,75.13,117.2
2026-04-29T20:00,113.6,174.6,6000,6000,1.8933,2.91,443.09,35.81,160.63
2026-04-29T21:00,113.4,88,6000,6000,1.89,1.4667,366.4,158.01,311.99
2026-04-29T22:00,161.9,53.1,5000,5000,3.238,1.062,429.19,329.46,406.89
2026-04-29T23:00,242.9,3,4300,4400,5.6488,0.0682,479.26,292.83,448.28
2026-04-30T00:00,251.5,11,4000,4400,6.2875,0.25,451.59,263.33,411.5
2026-04-30T01:00,158.7,2.1,4200,4400,3.7786,0.0477,432.38,176.98,405.25
2026-04-30T02:00,274,4,4400,4400,6.2273,0.0909,464.92,172.49,399.46
2026-04-30T03:00,197.5,1.3,4000,4000,4.9375,0.0325,481,111.15,401.87
2026-04-30T04:00,272.4,6.1,4000,4000,6.81,0.1525,570.88,355.34,384.47
2026-04-30T05:00,36.5,7.4,4000,4000,0.9125,0.185,395.71,253.04,380.87
2026-04-30T06:00,3.2,140.9,4000,4000,0.08,3.5225,349.78,293.83,390.46
2026-04-30T07:00,129.3,35.4,4100,4000,3.1537,0.885,431.02,259.62,386.86
2026-04-30T08:00,456.6,0.5,4800,4600,9.5125,0.0109,512.09,235.69,402.89
2026-04-30T09:00,423.9,1.8,5000,4900,8.478,0.0367,506.03,342.42,444.62
2026-04-30T10:00,375.9,5.7,6000,6000,6.265,0.095,467.04,201.99,392.94
2026-04-30T11:00,203.2,170.4,6000,6000,3.3867,2.84,277.78,29.36,260.03
2026-04-30T12:00,31.1,269.3,5400,5400,0.5759,4.987,106.93,-15.62,47.01
2026-04-30T13:00,429.4,0,5200,5200,8.2577,0,607.37,6.23,3.5
2026-04-30T14:00,240.8,1.9,5200,5200,4.6308,0.0365,369.88,-1.41,0.02
2026-04-30T15:00,233.6,28.3,5200,5200,4.4923,0.5442,86.75,-1.91,0
2026-04-30T16:00,282.1,4.5,5200,5200,5.425,0.0865,169.68,-0.29,0
2026-04-30T17:00,349.6,19.6,5200,5200,6.7231,0.3769,295.17,-0.36,0
2026-04-30T18:00,78.4,307.8,5200,5200,1.5077,5.9192,106.86,-19.11,2.06
2026-04-30T19:00,412.6,54.4,5300,5300,7.7849,1.0264,502.03,11.01,14.09
2026-04-30T20:00,170.4,131,6000,6000,2.84,2.1833,233.94,3.5,109.55
2026-04-30T21:00,57.9,218.2,6000,6000,0.965,3.6367,252.65,96.79,312.6
2026-04-30T22:00,482.7,23.6,5000,5000,9.654,0.472,581.98,204.04,452.98
2026-04-30T23:00,247.7,198.6,4300,4400,5.7605,4.5136,490.77,253.4,501.62
2026-05-01T00:00,1.7,175,4000,4400,0.0425,3.9773,344.24,292.14,463.4
2026-05-01T01:00,76.8,55.2,4200,4400,1.8286,1.2545,407.32,291.68,429.8
2026-05-01T02:00,42.7,44.2,4200,4200,1.0167,1.0524,384.83,114.1,430.54
2026-05-01T03:00,185.5,3.9,4000,4000,4.6375,0.0975,441.98,379.67,412.02
2026-05-01T04:00,231.7,0.3,4000,4000,5.7925,0.0075,447.46,350.54,411.6
2026-05-01T05:00,90.2,3.8,4000,4000,2.255,0.095,430.69,131.32,410.36
2026-05-01T06:00,37.5,56.7,4000,4000,0.9375,1.4175,389.32,317.26,409.2
2026-05-01T07:00,89,28,4000,4000,2.225,0.7,413.62,339.2,410.88
2026-05-01T08:00,94.2,13,4000,4000,2.355,0.325,439.68,256.71,421.54
2026-05-01T09:00,139.4,23.7,4900,4800,2.8449,0.4938,448.14,298.33,415.38
2026-05-01T10:00,19.3,164.6,6000,6000,0.3217,2.7433,303.94,198.42,310.07
2026-05-01T11:00,1,293.5,6000,6000,0.0167,4.8917,48.57,-19.18,93.16
2026-05-01T12:00,273.1,20.5,5400,5400,5.0574,0.3796,98.82,-47.28,0.83
2026-05-01T13:00,83,10.5,5200,5200,1.5962,0.2019,12.38,-59.78,-3.44
2026-05-01T14:00,263.9,0,5200,5200,5.075,0,56.91,-0.04,-7.52
2026-05-01T15:00,166.5,0,5200,5200,3.2019,0,29.24,-0.21,-8.01
2026-05-01T16:00,55.7,56.3,5200,5200,1.0712,1.0827,6.82,-14.78,-8.22
2026-05-01T17:00,0,0,5200,5200,0,0,0,0,-8.4
2026-05-01T18:00,134.1,11.9,5200,5200,2.5788,0.2288,45.57,-3.17,-7.47
2026-05-01T19:00,91,146.6,5300,5300,1.717,2.766,174.18,-17.79,-1.57
2026-05-01T20:00,102.7,128,6000,6000,1.7117,2.1333,183.39,-10.79,44.82
2026-05-01T21:00,123.8,18.2,6000,6000,2.0633,0.3033,331.7,140.63,222.85
2026-05-01T22:00,122.7,264.5,5000,5000,2.454,5.29,414.1,180.1,381.4
2026-05-01T23:00,167.4,42.8,4300,4000,3.893,1.07,433.84,320.39,419.05
2026-05-02T00:00,59.6,26.2,4000,4000,1.49,0.655,414.56,311.65,415.56
2026-05-02T01:00,92.4,8.4,4000,4000,2.31,0.21,404.77,188.16,391.33
2026-05-02T02:00,9.9,20.3,4200,4200,0.2357,0.4833,358.05,320.15,349.3
2026-05-02T03:00,21,166.2,4000,4000,0.525,4.155,379.75,199.06,339.77
2026-05-02T04:00,1.2,133.1,4000,4000,0.03,3.3275,266.12,175.42,281.4
2026-05-02T05:00,331,67.8,4000,4000,8.275,1.695,550.32,163.3,216.55
2026-05-02T06:00,57.2,39.7,4000,4000,1.43,0.9925,381.45,187.49,218.05
2026-05-02T07:00,8.7,168.1,4000,4000,0.2175,4.2025,263.82,154.97,217.54
2026-05-02T08:00,17.8,22.4,4000,4000,0.445,0.56,319.16,105.14,219.33
2026-05-02T09:00,2.7,243.8,4900,4800,0.0551,5.0792,265.34,78.41,215.38
2026-05-02T10:00,125.3,87.6,6000,6000,2.0883,1.46,384.8,243.42,213.05
2026-05-02T11:00,307,10,6000,6000,5.1167,0.1667,317.35,64.53,175.27
2026-05-02T12:00,371.5,1.4,5400,5400,6.8796,0.0259,514.83,45.36,97.38
2026-05-02T13:00,162.1,27.4,5200,5200,3.1173,0.5269,131.11,-13.92,22.85
2026-05-02T14:00,59.3,29,5200,5200,1.1404,0.5577,4.07,-34.81,3.1
2026-05-02T15:00,31,26.4,5200,5200,0.5962,0.5077,-1.33,-8.67,0.02
2026-05-02T16:00,2.7,273.3,5200,5200,0.0519,5.2558,-4.52,-36.49,0
2026-05-02T17:00,102.6,117.2,5200,5200,1.9731,2.2538,30.96,-39.48,-0.02
2026-05-02T18:00,13.9,210.5,5200,5200,0.2673,4.0481,9.66,-28.83,-0.02
2026-05-02T19:00,41.7,144.2,5300,5300,0.7868,2.7208,52.88,-18.42,10.37
2026-05-02T20:00,161.2,16.9,6000,6000,2.6867,0.2817,68.19,20.35,50.98
2026-05-02T21:00,64.3,102.2,6000,6000,1.0717,1.7033,162.47,18.33,208.5
2026-05-02T22:00,101.4,4,5000,5000,2.028,0.08,399.96,33.94,292.83
2026-05-02T23:00,235.2,82.2,4300,4000,5.4698,2.055,732.82,273.28,362.42
2026-05-03T00:00,200.3,22.8,4000,4000,5.0075,0.57,421.34,167.77,363.41
2026-05-03T01:00,25.3,20.3,4000,4000,0.6325,0.5075,644.63,277.56,331.5
2026-05-03T02:00,81.3,43.7,4200,4200,1.9357,1.0405,453.07,162.85,347.3
2026-05-03T03:00,449.8,0.1,4000,4000,11.245,0.0025,543.85,297.9,324.56
2026-05-03T04:00,146.7,9.1,4000,4000,3.6675,0.2275,427.72,262.23,300.2
2026-05-03T05:00,113.1,13.5,4000,4000,2.8275,0.3375,406.52,256.39,303.06
2026-05-03T06:00,223.4,0.7,4000,4000,5.585,0.0175,463.76,184.78,275.44
2026-05-03T07:00,251.5,1.2,4000,4000,6.2875,0.03,432.71,130.58,234.22
2026-05-03T08:00,27.5,24.8,4000,4000,0.6875,0.62,340.45,222.77,250.33
2026-05-03T09:00,126.2,12.9,4900,4800,2.5755,0.2688,438.24,204.82,301.32
2026-05-03T10:00,330,0.6,6000,6000,5.5,0.01,461.48,233.71,192.35
2026-05-03T11:00,159.3,17.2,6000,6000,2.655,0.2867,292.84,52.69,103.64
2026-05-03T12:00,222.5,5.5,5400,5400,4.1204,0.1019,270.96,0.89,16.79
2026-05-03T13:00,285.6,1.1,5200,5200,5.4923,0.0212,110.61,2.84,1.35
2026-05-03T14:00,282,16.1,5200,5200,5.4231,0.3096,316.32,-0.5,0.03
2026-05-03T15:00,276.8,13,5200,5200,5.3231,0.25,224.41,0.17,-0.04
2026-05-03T16:00,104.6,136.3,5200,5200,2.0115,2.6212,25.03,-12.34,-0.05
2026-05-03T17:00,160.9,4.9,5200,5200,3.0942,0.0942,35.6,-0.74,-0.04
2026-05-03T18:00,110,76,5200,5200,2.1154,1.4615,39.32,-11.87,-0.02
2026-05-03T19:00,79.4,65.3,5300,5300,1.4981,1.2321,98.57,-6.54,13.9
2026-05-03T20:00,18.6,283.3,6000,6000,0.31,4.7217,31.95,-28.85,72.99
2026-05-03T21:00,8.3,497,6000,6000,0.1383,8.2833,236.04,-60.14,274.78
2026-05-03T22:00,17.5,138.1,5000,5000,0.35,2.762,481.03,261.91,385.68
2026-05-03T23:00,1.9,189.4,4300,4000,0.0442,4.735,334.47,302.99,412.24
2026-05-04T00:00,19.8,84.3,4000,4000,0.495,2.1075,450.07,347.53,421.09
2026-05-04T01:00,46.2,29.2,4000,4000,1.155,0.73,377.15,334.78,389.32
2026-05-04T02:00,17.8,96.2,4400,4400,0.4045,2.1864,408.84,277.16,459.29
2026-05-04T03:00,65.2,47,4000,4000,1.63,1.175,452.36,298.77,420.48
2026-05-04T04:00,114.8,10,4000,4000,2.87,0.25,446.44,269.18,389.78
2026-05-04T05:00,78.5,30.8,4000,4000,1.9625,0.77,411.13,176.34,376.8
2026-05-04T06:00,50.6,17.6,4000,4000,1.265,0.44,411.97,193.67,378.7
2026-05-04T07:00,85.2,29.2,4100,4000,2.078,0.73,428.98,166.46,405.66
2026-05-04T08:00,151.3,5.3,4800,4600,3.1521,0.1152,513.79,184.92,458.5
2026-05-04T09:00,183.3,38.5,5000,4900,3.666,0.7857,540.88,221,535.79
2026-05-04T10:00,466.2,17.6,6000,6000,7.77,0.2933,620.13,266.36,477.04
2026-05-04T11:00,128.6,30.4,6000,6000,2.1433,0.5067,410.32,190.79,341.83
2026-05-04T12:00,182.1,52.5,5400,5400,3.3722,0.9722,360.73,3.84,167.46
2026-05-04T13:00,55.4,87.5,5200,5200,1.0654,1.6827,144.6,-5.88,16.8
2026-05-04T14:00,72.7,32.6,5200,5200,1.3981,0.6269,493.47,-4.44,3.99
2026-05-04T15:00,85.3,154.4,5200,5200,1.6404,2.9692,171.77,-12.36,1.87
2026-05-04T16:00,0.7,691.8,5200,5200,0.0135,13.3038,-10.74,-366.27,0.02
2026-05-04T17:00,7.8,438.3,5200,5200,0.15,8.4288,10.37,-127.06,0
2026-05-04T18:00,311.3,9.5,5200,5200,5.9865,0.1827,1028.91,1.3,0
2026-05-04T19:00,42.8,294.4,5300,5300,0.8075,5.5547,188.25,-79.07,1.37
2026-05-04T20:00,182.4,5,6000,6000,3.04,0.0833,383.92,1.55,14.38
2026-05-04T21:00,8.9,74.9,6000,6000,0.1483,1.2483,240.95,69.34,212.07
2026-05-04T22:00,4.5,84.8,5000,5000,0.09,1.696,398.44,305.59,439.24
2026-05-04T23:00,28.6,56.6,4300,4400,0.6651,1.2864,481.81,362.57,535.18
2026-05-05T00:00,6,56.3,4000,4400,0.15,1.2795,485.45,349.2,566.36
2026-05-05T01:00,0,507.3,4200,4400,0,11.5295,344.19,241.67,489.4
2026-05-05T02:00,5.5,277.7,4400,4400,0.125,6.3114,452.13,245.79,431.96
2026-05-05T03:00,32.4,29.6,4000,4000,0.81,0.74,425.1,255.33,409.12
2026-05-05T04:00,40,5.7,4000,4000,1,0.1425,424.96,310.67,393.73
2026-05-05T05:00,33.5,104.8,4000,4000,0.8375,2.62,393.25,294.76,394.38
2026-05-05T06:00,0.6,99.4,4000,4000,0.015,2.485,378.41,318.49,396.39
2026-05-05T07:00,25.4,99,4100,4000,0.6195,2.475,386.04,266.32,404.06
2026-05-05T08:00,0.9,102.8,4800,4600,0.0188,2.2348,355.5,334.36,415.96
2026-05-05T09:00,126.8,1.5,5000,4900,2.536,0.0306,517.67,269.03,475.2
2026-05-05T10:00,523.7,1.9,6000,6000,8.7283,0.0317,540.5,400.88,419.09
2026-05-05T11:00,96.4,395.6,6000,6000,1.6067,6.5933,241.49,-6.22,280.73
2026-05-05T12:00,54.5,424.3,5400,5400,1.0093,7.8574,45.15,-37.69,77.06
2026-05-05T13:00,103,40.1,5200,5200,1.9808,0.7712,62.49,-5.8,5.43
2026-05-05T14:00,195.4,144.5,5200,5200,3.7577,2.7788,274.7,-6.67,3.36
2026-05-05T15:00,36.1,128.7,5200,5200,0.6942,2.475,4.68,-7.91,2.94
2026-05-05T16:00,373.4,3.4,5200,5200,7.1808,0.0654,325.68,0.26,1.54
2026-05-05T17:00,27.6,164.5,5200,5200,0.5308,3.1635,48.46,-11.91,0.04
2026-05-05T18:00,285.6,0.7,5200,5200,5.4923,0.0135,364.03,3.96,0.52
2026-05-05T19:00,215.8,3.6,5300,5300,4.0717,0.0679,128.36,6.12,7.52
2026-05-05T20:00,1.5,174.6,6000,6000,0.025,2.91,27.27,-13.74,73.28
2026-05-05T21:00,8.1,171.6,6000,6000,0.135,2.86,244.78,130.61,278.4
2026-05-05T22:00,102.8,13.9,5000,5002,2.056,0.2779,458.58,171,408.44
2026-05-05T23:00,3.8,117.9,4300,4400,0.0884,2.6795,372.31,319.05,457.44
2026-05-06T00:00,2.8,117.7,4000,4400,0.07,2.675,390.07,275.03,439.67
2026-05-06T01:00,1.1,215.2,4200,4400,0.0262,4.8909,340.04,268.12,400.51
2026-05-06T02:00,8.2,21.9,4400,4400,0.1864,0.4977,405.44,371.37,459.63
2026-05-06T03:00,19.2,29.6,4000,4000,0.48,0.74,409.98,256.89,433.68
2026-05-06T04:00,59.2,12.2,4000,4000,1.48,0.305,468.98,345.67,434.67
2026-05-06T05:00,19.8,16.2,4000,4000,0.495,0.405,414.52,377.97,433.12
2026-05-06T06:00,1.7,60,4000,4000,0.0425,1.5,395.45,346.62,436.44
2026-05-06T07:00,0.1,272.8,4100,4000,0.0024,6.82,343.79,252.72,437.99
2026-05-06T08:00,0.6,325.8,4800,4600,0.0125,7.0826,405.71,282.61,471
2026-05-06T09:00,4.8,74.6,5000,4900,0.096,1.5224,402.6,305.36,496.92
2026-05-06T10:00,9.8,171.9,6000,6000,0.1633,2.865,353.25,230.06,443.68
2026-05-06T11:00,142.2,270.4,6000,6000,2.37,4.5067,251.74,32.09,267.61
2026-05-06T12:00,41,333.7,5400,5400,0.7593,6.1796,38.47,-27.2,71.68
2026-05-06T13:00,152.5,404.9,5200,5200,2.9327,7.7865,60.94,-60.86,5.58
2026-05-06T14:00,124.8,101.6,5200,5200,2.4,1.9538,65.34,-9.39,5.99
2026-05-06T15:00,290.1,6.5,5200,5200,5.5788,0.125,123.59,3.16,8.2
2026-05-06T16:00,70.5,413.4,5200,5200,1.3558,7.95,21.67,-25.01,8.2
2026-05-06T17:00,8.7,114,5200,5200,0.1673,2.1923,31.84,-11.89,8.17
2026-05-06T18:00,21.7,306.3,5200,5200,0.4173,5.8904,38.66,-19.54,24.98
2026-05-06T19:00,7.7,395.8,5300,5300,0.1453,7.4679,43.78,-29,119.64
2026-05-06T20:00,0.8,498.1,6000,6000,0.0133,8.3017,89.16,-24.87,241.65
2026-05-06T21:00,106.1,271.8,6000,6000,1.7683,4.53,316.97,98.54,366.61
2026-05-06T22:00,241.4,8.1,5000,5000,4.828,0.162,608.88,355.91,603.69
2026-05-06T23:00,96.2,12.7,4300,4400,2.2372,0.2886,536.83,138.66,618.98
2026-05-07T00:00,1.4,169.2,4000,4400,0.035,3.8455,441.91,315.93,576
2026-05-07T01:00,21.5,248.4,4200,4400,0.5119,5.6455,415.03,261.5,516.22
2026-05-07T02:00,25,28.2,4200,4200,0.5952,0.6714,426.64,278.75,500.82
2026-05-07T03:00,169,13.2,4000,4000,4.225,0.33,469.33,247.45,465.99
2026-05-07T04:00,37.7,7.4,4000,4000,0.9425,0.185,443.81,249.08,455.36
2026-05-07T05:00,2,99,4000,4000,0.05,2.475,394.49,347.56,435.06
2026-05-07T06:00,0.9,74.3,4000,4000,0.0225,1.8575,335.65,333.88,432.48
2026-05-07T07:00,0.7,117.6,4000,4000,0.0175,2.94,306.26,303.17,459.32
2026-05-07T08:00,4.5,116.5,4000,4000,0.1125,2.9125,402.11,320.41,494.1
2026-05-07T09:00,333.4,8.3,4900,4800,6.8041,0.1729,569.25,371.55,538.16
2026-05-07T10:00,15.1,136.5,6000,6000,0.2517,2.275,420.84,303.32,473.77
2026-05-07T11:00,40.9,254.8,6000,6000,0.6817,4.2467,367.84,98.36,356.91
2026-05-07T12:00,79,22.7,5400,5400,1.463,0.4204,207.58,50.29,208.02
2026-05-07T13:00,28.8,57.1,5200,5200,0.5538,1.0981,76.36,6.82,97.1
2026-05-07T14:00,360,1.1,5200,5200,6.9231,0.0212,495.99,63.91,80
2026-05-07T15:00,242.3,29.7,5200,5200,4.6596,0.5712,439.74,17.32,80
2026-05-07T16:00,10.2,239.1,5200,5200,0.1962,4.5981,52.18,-24.35,76.94
2026-05-07T17:00,8.3,62.9,5200,5200,0.1596,1.2096,131.23,5.43,82.1
2026-05-07T18:00,6.6,238.2,5200,5200,0.1269,4.5808,62.96,-25.24,96.19
2026-05-07T19:00,34.1,67.5,5300,5300,0.6434,1.2736,171.46,17.53,174.23
2026-05-07T20:00,33.6,210,6000,6000,0.56,3.5,264.81,-90.5,264.62
2026-05-07T21:00,70.2,395.1,6000,6000,1.17,6.585,396.26,-15,393.2
2026-05-07T22:00,147.1,190.7,5000,5000,2.942,3.814,630.79,-163.76,514.08
2026-05-07T23:00,172.1,65.8,4300,4000,4.0023,1.645,553.77,100.99,580.59
2026-05-08T00:00,41.8,26.5,4000,4000,1.045,0.6625,472.56,307.36,580.04
2026-05-08T01:00,22.5,32.1,4000,4000,0.5625,0.8025,437.45,313.95,503.02
2026-05-08T02:00,99.9,6.8,4400,4400,2.2705,0.1545,426.01,219.44,434.79
2026-05-08T03:00,1.3,308.2,4000,4000,0.0325,7.705,303.48,246.14,422.16
2026-05-08T04:00,5.1,315.3,4000,4000,0.1275,7.8825,339.54,226.68,407.97
2026-05-08T05:00,17.7,32,4000,4000,0.4425,0.8,332.12,230.7,413.56
2026-05-08T06:00,12.1,12.7,4000,4000,0.3025,0.3175,315.82,288.5,405.45
2026-05-08T07:00,39.3,3.8,4100,4000,0.9585,0.095,409.26,194.85,407.72
2026-05-08T08:00,107.9,2.7,4800,4600,2.2479,0.0587,437.87,149.11,415.1
2026-05-08T09:00,22.7,41,5000,4900,0.454,0.8367,382.2,297.56,420.4
2026-05-08T10:00,37,258.7,6000,6000,0.6167,4.3117,370.26,178.04,373.53
2026-05-08T11:00,185.3,106.2,6000,6000,3.0883,1.77,326.02,27.44,284.06
2026-05-08T12:00,213.4,10.4,5400,5400,3.9519,0.1926,298.74,21.17,124.17
2026-05-08T13:00,263.1,14,5200,5200,5.0596,0.2692,512.83,20.24,40.09
2026-05-08T14:00,103.2,47.1,5200,5200,1.9846,0.9058,61.62,-6.47,8.17
2026-05-08T15:00,146.7,215.4,5200,5200,2.8212,4.1423,25.47,-13.93,3.03
2026-05-08T16:00,72.7,143.6,5200,5200,1.3981,2.7615,6.68,-21.92,0.6
2026-05-08T17:00,130.8,126,5200,5200,2.5154,2.4231,39.79,-10.52,0.32
2026-05-08T18:00,30.2,124.5,5200,5200,0.5808,2.3942,32.47,-10.09,3.03
2026-05-08T19:00,154.9,74.7,5300,5300,2.9226,1.4094,47.67,-3.43,20.86
2026-05-08T20:00,81,42.7,6000,6000,1.35,0.7117,104.5,14.54,128.44
2026-05-08T21:00,172.6,14.7,6000,6000,2.8767,0.245,411.02,191.26,291
2026-05-08T22:00,50.7,6.2,5000,5000,1.014,0.124,387.75,170.25,377.14
2026-05-08T23:00,123.4,6.8,4300,4400,2.8698,0.1545,451.77,125.6,434.55
2026-05-09T00:00,10.2,72.7,4000,4400,0.255,1.6523,381.78,315.54,413.83
2026-05-09T01:00,17.8,64,4200,4400,0.4238,1.4545,330.16,227.32,379.71
2026-05-09T02:00,19.1,66.5,4200,4200,0.4548,1.5833,362.32,231.17,309.72
2026-05-09T03:00,3.7,175.8,4000,4000,0.0925,4.395,272.03,191.84,256.97
2026-05-09T04:00,1,243.6,4000,4000,0.025,6.09,108.43,74.23,174.4
2026-05-09T05:00,75.6,2.1,4000,4000,1.89,0.0525,384.72,69.29,140.08
2026-05-09T06:00,94,0.7,4000,4000,2.35,0.0175,397.41,42.5,140.05
2026-05-09T07:00,49.6,78,4000,4000,1.24,1.95,284.86,55.76,140.06
2026-05-09T08:00,109,30.6,4000,4000,2.725,0.765,326.21,293.09,144.41
2026-05-09T09:00,6.2,73.5,4900,4800,0.1265,1.5312,205.95,196.82,160.44
2026-05-09T10:00,9.9,91.8,6000,6000,0.165,1.53,179.31,121.69,151.53
2026-05-09T11:00,289,12.8,6000,6000,4.8167,0.2133,359.15,92.68,137.71
2026-05-09T12:00,157.7,75.1,5400,5400,2.9204,1.3907,155.78,0.21,95.16
2026-05-09T13:00,43.6,80.8,5200,5200,0.8385,1.5538,22.71,-18.66,11.59
2026-05-09T14:00,156.9,94.9,5200,5200,3.0173,1.825,79.42,-13.48,3.03
2026-05-09T15:00,326.9,157.3,5200,5200,6.2865,3.025,282.27,-11.43,0.53
2026-05-09T16:00,47,447.3,5200,5200,0.9038,8.6019,18.16,-90.86,0
2026-05-09T17:00,0,853.6,5200,5200,0,16.4154,0,-899.83,0
2026-05-09T18:00,3.5,628.9,5200,5200,0.0673,12.0942,14.71,-53.39,0.37
2026-05-09T19:00,71,95,5300,5300,1.3396,1.7925,50.01,-8.73,2.46
2026-05-09T20:00,48.4,165.7,6000,6000,0.8067,2.7617,49.91,-15.52,62.94
2026-05-09T21:00,10.3,219,6000,6000,0.1717,3.65,58.19,0.42,167.72
2026-05-09T22:00,243.6,56.5,5000,5000,4.872,1.13,401.07,227.32,260.8
2026-05-09T23:00,362.4,0,4300,4000,8.4279,0,659.67,352.87,322.69
2026-05-10T00:00,94.1,370.7,4000,4000,2.3525,9.2675,300.08,85.06,298.53
2026-05-10T01:00,28.4,25.3,4000,4000,0.71,0.6325,296.74,206.75,263.34
2026-05-10T02:00,8.8,77.8,4200,4200,0.2095,1.8524,273.89,42.96,158.58
2026-05-10T03:00,298,0.3,4000,4000,7.45,0.0075,454.51,24.85,135.03
2026-05-10T04:00,13.8,33.9,4000,4000,0.345,0.8475,191.26,26.22,72.26
2026-05-10T05:00,60.6,32.9,4000,4000,1.515,0.8225,342.87,3.63,57.88
2026-05-10T06:00,57.5,132.4,4000,4000,1.4375,3.31,298.42,-35.74,64.43
2026-05-10T07:00,79.2,8,4000,4000,1.98,0.2,305.75,25.54,65.34
2026-05-10T08:00,3.5,181,4000,4000,0.0875,4.525,97.62,-46.59,65.01
2026-05-10T09:00,28.7,83.2,4900,4800,0.5857,1.7333,207.7,63.95,70.42
2026-05-10T10:00,46.3,81.3,6000,6000,0.7717,1.355,193.75,129.35,49.62
2026-05-10T11:00,84.9,238.7,6000,6000,1.415,3.9783,105.26,-10.39,30.9
2026-05-10T12:00,43.7,73.1,5400,5400,0.8093,1.3537,46.57,-11.1,0.05
2026-05-10T13:00,18.8,319.9,5200,5200,0.3615,6.1519,4.85,-30.64,-0.06
2026-05-10T14:00,154.1,8.8,5200,5200,2.9635,0.1692,133.39,-1.26,-0.25
2026-05-10T15:00,562.7,0.6,5200,5200,10.8212,0.0115,283.91,-0.27,-2.23
2026-05-10T16:00,25.3,160.4,5200,5200,0.4865,3.0846,6.09,-20.18,-2.72
2026-05-10T17:00,191.3,54,5200,5200,3.6788,1.0385,117.1,-9.46,-3.26
2026-05-10T18:00,33.9,29.5,5200,5200,0.6519,0.5673,15.36,-6.24,-3.28
2026-05-10T19:00,148.1,18.9,5300,5300,2.7943,0.3566,161.56,-2.22,-1.64
2026-05-10T20:00,120.7,222.8,6000,6000,2.0117,3.7133,49.67,-35.56,0.85
2026-05-10T21:00,145,69.3,6000,6000,2.4167,1.155,94.01,-16.51,55.21
2026-05-10T22:00,218.9,60.5,5000,5000,4.378,1.21,650.66,171.15,208.09
2026-05-10T23:00,572.6,0,4300,4000,13.3163,0,1192.35,387.59,349.87
2026-05-11T00:00,241.2,2.3,4000,4000,6.03,0.0575,442.28,222.71,363.95
2026-05-11T01:00,254.5,0.3,4000,4000,6.3625,0.0075,523.68,39.46,267.05
2026-05-11T02:00,24.3,38.4,4400,4400,0.5523,0.8727,304.12,211.35,240.49
2026-05-11T03:00,5.1,79.5,4000,4000,0.1275,1.9875,252.16,218.08,226.01
2026-05-11T04:00,6.3,178.8,4000,4000,0.1575,4.47,312.66,100.11,221.93
2026-05-11T05:00,25.8,23.5,4000,4000,0.645,0.5875,309.01,228.45,208.51
2026-05-11T06:00,184.5,8.2,4000,4000,4.6125,0.205,401.48,230.45,165.23
2026-05-11T07:00,24.3,59.9,4100,4000,0.5927,1.4975,300.21,243.85,230.73
2026-05-11T08:00,175.2,25.1,4800,4600,3.65,0.5457,420.94,264.37,241.54
2026-05-11T09:00,133.7,85.9,5000,4900,2.674,1.7531,394.47,175.1,335
2026-05-11T10:00,343,5.8,6000,6000,5.7167,0.0967,434.9,141.17,259.28
2026-05-11T11:00,50.3,429.4,6000,6000,0.8383,7.1567,123.19,-36.29,135.01
2026-05-11T12:00,3.2,337.1,5400,5400,0.0593,6.2426,12.95,-29.82,67.98
2026-05-11T13:00,199.7,6.1,5200,5200,3.8404,0.1173,98.82,-7.46,16.58
2026-05-11T14:00,59.5,75.7,5200,5200,1.1442,1.4558,42.15,-8.22,13.58
2026-05-11T15:00,48.8,151.9,5200,5200,0.9385,2.9212,25.97,-10.97,5.1
2026-05-11T16:00,8.1,261.1,5200,5200,0.1558,5.0212,55.78,-19.1,5.03
2026-05-11T17:00,361.6,63,5200,5200,6.9538,1.2115,171.84,-6.99,2.7
2026-05-11T18:00,94.4,20.8,5200,5200,1.8154,0.4,37.6,-12.38,0.54
2026-05-11T19:00,6.8,144.5,5300,5300,0.1283,2.7264,31.47,-11.28,4.78
2026-05-11T20:00,12.4,444.3,6000,6000,0.2067,7.405,13.32,-26.61,97.05
2026-05-11T21:00,177.7,8.6,6000,6000,2.9617,0.1433,390.2,275.34,310
2026-05-11T22:00,41.9,91.4,5000,5000,0.838,1.828,465.36,238.82,487.17
2026-05-11T23:00,109.3,10.5,4300,4400,2.5419,0.2386,553.78,335.85,750.27
2026-05-12T00:00,13.8,93.1,4000,4400,0.345,2.1159,413.75,328.19,559.31
2026-05-12T01:00,3.9,203.8,4200,4400,0.0929,4.6318,348.39,279.52,471.49
2026-05-12T02:00,73.8,7.6,4200,4200,1.7571,0.181,410.38,257.02,434.66
2026-05-12T03:00,95.8,17.7,4000,4000,2.395,0.4425,396.17,238.43,421.03
2026-05-12T04:00,81,15.9,4000,4000,2.025,0.3975,437.02,246.11,398.22
2026-05-12T05:00,121.6,34.6,4000,4000,3.04,0.865,422.03,287.77,394.89
2026-05-12T06:00,35.9,125.5,4000,4000,0.8975,3.1375,384.39,235.97,396.69
2026-05-12T07:00,13,204,4000,4000,0.325,5.1,385.42,228.05,412.02
2026-05-12T08:00,0,354.6,4000,4000,0,8.865,333.56,240.03,450.69
2026-05-12T09:00,31.7,202,5700,5700,0.5561,3.5439,438.86,329.37,490.95
2026-05-12T10:00,9.2,319.9,6000,6000,0.1533,5.3317,341.32,285.32,448.58
2026-05-12T11:00,4.2,287.9,6000,6000,0.07,4.7983,230.46,91.73,376.3
2026-05-12T12:00,300.1,65.5,5400,5400,5.5574,1.213,595.84,25.03,173.72
2026-05-12T13:00,127.7,12.7,4900,4900,2.6061,0.2592,161,9.75,75.2
2026-05-12T14:00,62.1,60.6,4800,4800,1.2938,1.2625,134.78,-3.09,62.11
2026-05-12T15:00,40.9,250.6,4800,4800,0.8521,5.2208,46.86,-24.02,11.69
2026-05-12T16:00,2.8,349.1,4800,4800,0.0583,7.2729,0,-24.32,4.05
2026-05-12T17:00,246.4,145.7,4800,4800,5.1333,3.0354,204.31,-31.26,1.04
2026-05-12T18:00,17,131.2,4800,4800,0.3542,2.7333,11.48,-19.71,1.18
2026-05-12T19:00,95.3,215.6,5300,5300,1.7981,4.0679,41.25,-26.65,10.42
2026-05-12T20:00,9.3,125.1,6000,6000,0.155,2.085,23.9,-9.52,46.55
2026-05-12T21:00,3.4,504.9,6000,6000,0.0567,8.415,17.69,-5.86,198.84
2026-05-12T22:00,201.8,50.9,5700,5700,3.5404,0.893,491.23,372.74,428.44
2026-05-12T23:00,9.7,32.3,4300,4000,0.2256,0.8075,492.03,339.46,493.88
2026-05-13T00:00,1.7,186.3,4000,4000,0.0425,4.6575,389.9,269.78,486.63
2026-05-13T01:00,0.3,351.3,4000,4000,0.0075,8.7825,328.28,197.02,428.62
2026-05-13T02:00,100.8,80,4400,4400,2.2909,1.8182,400.94,205.45,342.71
2026-05-13T03:00,104,100.6,4000,4000,2.6,2.515,359.6,198.29,331.76
2026-05-13T04:00,31,224.7,4000,4000,0.775,5.6175,353.85,136.68,321
2026-05-13T05:00,26.5,61,4000,4000,0.6625,1.525,381.23,182.63,317.7
2026-05-13T06:00,111.5,7,4000,4000,2.7875,0.175,402.7,155.97,323.57
2026-05-13T07:00,5.8,35.6,4100,4000,0.1415,0.89,390.03,182.37,331.04
2026-05-13T08:00,5.6,173.8,4800,4600,0.1167,3.7783,357.52,175.16,329.34
2026-05-13T09:00,25.4,18.3,5700,5700,0.4456,0.3211,338.27,147.06,348.73
2026-05-13T10:00,653.2,3.7,6000,6000,10.8867,0.0617,491.21,231.28,270.38
2026-05-13T11:00,135.4,77.4,6000,6000,2.2567,1.29,150.61,1.08,58.56
2026-05-13T12:00,214.3,39.6,5400,5400,3.9685,0.7333,72.68,-20.36,0.51
2026-05-13T13:00,110.2,153.3,5200,5200,2.1192,2.9481,123.12,-15.07,-0.01
2026-05-13T14:00,25.2,34.4,5200,5200,0.4846,0.6615,82.43,-3.92,0
2026-05-13T15:00,107.3,7,5200,5200,2.0635,0.1346,25.25,-3.75,0
2026-05-13T16:00,315.1,7.5,5200,5200,6.0596,0.1442,129.05,-0.35,-0.02
2026-05-13T17:00,56.4,112.1,5200,5200,1.0846,2.1558,15.36,-8.03,-0.04
2026-05-13T18:00,17.4,322.9,5200,5200,0.3346,6.2096,0.61,-24.47,-0.03
2026-05-13T19:00,83,14.3,5300,5300,1.566,0.2698,73.92,-4.55,0
2026-05-13T20:00,47.4,861.6,6000,6000,0.79,14.36,19.07,-105.52,6.86
2026-05-13T21:00,40.5,57.7,6000,6000,0.675,0.9617,159.97,48.68,140.37
2026-05-13T22:00,210.2,5.2,5700,5700,3.6877,0.0912,499.52,337.06,338.38
2026-05-13T23:00,364.1,26.8,4600,4400,7.9152,0.6091,499.52,361.61,427.55
2026-05-14T00:00,64.4,81.6,4000,4400,1.61,1.8545,419.18,281.15,397.47
2026-05-14T01:00,6.6,257.7,4200,4400,0.1571,5.8568,334.95,158.22,347.28
2026-05-14T02:00,1.6,402.4,4400,4400,0.0364,9.1455,305.83,139.87,420.88
2026-05-14T03:00,9.9,31.1,4000,4000,0.2475,0.7775,319.45,197.91,405.24
2026-05-14T04:00,57.2,1.3,4000,4000,1.43,0.0325,384.01,118.79,389.22
2026-05-14T05:00,66.7,1.5,4000,4000,1.6675,0.0375,415.21,79,381.46
2026-05-14T06:00,114.7,0.4,4000,4000,2.8675,0.01,433.28,8.69,371.31
2026-05-14T07:00,111,0.9,4100,4000,2.7073,0.0225,409.91,43.72,368.4
2026-05-14T08:00,124.2,81.9,4800,4600,2.5875,1.7804,450.64,268.93,399.7
2026-05-14T09:00,136.7,5,5700,5700,2.3982,0.0877,414.4,130.99,394.97
2026-05-14T10:00,202.6,161.7,6000,6000,3.3767,2.695,346.17,211.15,317.2
2026-05-14T11:00,0,427.3,6000,6000,0,7.1217,-1.03,-19.96,56.51
2026-05-14T12:00,70.3,390.2,5400,5400,1.3019,7.2259,46.76,-51.47,8.3
2026-05-14T13:00,7.9,334.8,5200,5200,0.1519,6.4385,122.11,-35.82,0.53
2026-05-14T14:00,77.4,8.7,5200,5200,1.4885,0.1673,39.03,-1.54,0
2026-05-14T15:00,53.5,14.5,5200,5200,1.0288,0.2788,59.93,-3.54,0
2026-05-14T16:00,2.1,511.6,5200,5200,0.0404,9.8385,-2.85,-40.83,0
2026-05-14T17:00,7.8,633.4,5200,5200,0.15,12.1808,0,-44.17,0
2026-05-14T18:00,76.4,207.5,5200,5200,1.4692,3.9904,5.13,-12.57,-0.03
2026-05-14T19:00,229.8,37.4,5300,5300,4.3358,0.7057,67.59,-6.62,-0.01
2026-05-14T20:00,155,138.2,6000,6000,2.5833,2.3033,44.46,-16.04,3.35
2026-05-14T21:00,95.5,252.8,6000,6000,1.5917,4.2133,239.12,33.5,119.43
2026-05-14T22:00,29.5,152.5,5700,5700,0.5175,2.6754,396.21,156.84,329.33
2026-05-14T23:00,83.7,27.1,4600,4400,1.8196,0.6159,416.18,234.39,392.21
2026-05-15T00:00,67.7,61.8,4000,4400,1.6925,1.4045,394.65,253.57,394.68
2026-05-15T01:00,2.2,250.4,4200,4400,0.0524,5.6909,316.36,154.68,367.91
2026-05-15T02:00,33.4,273,4400,4400,0.7591,6.2045,275.53,115.63,323.16
2026-05-15T03:00,12.4,68.9,4000,4000,0.31,1.7225,300.6,174.68,281.21
2026-05-15T04:00,3.9,75.4,4000,4000,0.0975,1.885,261.12,123.05,248.62
2026-05-15T05:00,1,209.4,4000,4000,0.025,5.235,190.54,31.06,197.16
2026-05-15T06:00,0.3,185.9,4000,4000,0.0075,4.6475,167.75,14.57,164.8
2026-05-15T07:00,3.9,42.4,4100,4000,0.0951,1.06,210.42,96.43,190
2026-05-15T08:00,0.2,82.8,4800,4600,0.0042,1.8,223.67,128.51,269.69
2026-05-15T09:00,1,186.3,5700,5700,0.0175,3.2684,307.84,102.94,293.2
2026-05-15T10:00,4.5,286.8,6000,6000,0.075,4.78,222.81,33.63,214.6
2026-05-15T11:00,30,93.4,6000,6000,0.5,1.5567,106.65,1.72,59.56
2026-05-15T12:00,91.3,19.7,5400,5400,1.6907,0.3648,90.97,-3.45,3.61
2026-05-15T13:00,37.5,43,5200,5200,0.7212,0.8269,39.61,-3.17,0.02
2026-05-15T14:00,9.8,412,5200,5200,0.1885,7.9231,12.67,-29.29,0
2026-05-15T15:00,11.2,34.9,5200,5200,0.2154,0.6712,16,-3.68,0
2026-05-15T16:00,5.2,209.6,5200,5200,0.1,4.0308,39.21,-13.2,0
2026-05-15T17:00,5,534.9,5200,5200,0.0962,10.2865,2.25,-34.59,-0.04
2026-05-15T18:00,7.1,309,5200,5200,0.1365,5.9423,21.44,-23.93,-0.03
2026-05-15T19:00,79,229.1,5300,5300,1.4906,4.3226,28.22,-15.4,0
2026-05-15T20:00,11.5,373.9,6000,6000,0.1917,6.2317,-17.21,-23.67,4.93
2026-05-15T21:00,235.4,90.2,6000,6000,3.9233,1.5033,274.78,-6.99,58.79
2026-05-15T22:00,207,119.5,5700,5700,3.6316,2.0965,484.4,124.6,253.8
2026-05-15T23:00,79,28.1,4600,4400,1.7174,0.6386,423.25,208.65,351.28
2026-05-16T00:00,33.6,23.1,4000,4400,0.84,0.525,385.62,249.61,371.36
2026-05-16T01:00,111,40.6,4200,4400,2.6429,0.9227,425.89,150.77,336.22
2026-05-16T02:00,261.9,2.4,4200,4200,6.2357,0.0571,420.12,185.67,311.52
2026-05-16T03:00,286.7,0,4000,4000,7.1675,0,431.02,125.33,283.22
2026-05-16T04:00,106.3,39.1,4000,4000,2.6575,0.9775,319.43,130.39,283.68
2026-05-16T05:00,6.1,33.2,4000,4000,0.1525,0.83,221.09,195.22,279.98
2026-05-16T06:00,11.2,31,4000,4000,0.28,0.775,214.47,194.24,259.9
2026-05-16T07:00,10.3,19.8,4000,4000,0.2575,0.495,216.13,226.14,260.92
2026-05-16T08:00,10.1,66.6,4000,4000,0.2525,1.665,224.37,174.72,274.25
2026-05-16T09:00,11.5,78.1,5700,5700,0.2018,1.3702,291.52,151.43,269.67
2026-05-16T10:00,9,659.9,6000,6000,0.15,10.9983,66.15,-19.69,131.1
2026-05-16T11:00,5.8,322.7,6000,6000,0.0967,5.3783,-23.63,-28.29,1
2026-05-16T12:00,4.4,525.7,5400,5400,0.0815,9.7352,23.62,-40.06,-0.02
2026-05-16T13:00,49.4,43.6,5200,5200,0.95,0.8385,26.65,-10.76,-1.24
2026-05-16T14:00,7,326.6,5200,5200,0.1346,6.2808,-0.14,-17.55,-2.81
2026-05-16T15:00,50.2,15.5,5200,5200,0.9654,0.2981,19.94,-7.71,-1.67
2026-05-16T16:00,7,44.9,5200,5200,0.1346,0.8635,0.38,-9.91,-2.18
2026-05-16T17:00,27.4,39.1,5200,5200,0.5269,0.7519,8.81,-7.77,-3.36
2026-05-16T18:00,22.2,23.6,5200,5200,0.4269,0.4538,3.17,-7.96,-3.64
2026-05-16T19:00,11.9,86.1,5300,5300,0.2245,1.6245,17.28,-13.06,-1.17
2026-05-16T20:00,60.4,110.9,6000,6000,1.0067,1.8483,30.21,-13.01,0.84
2026-05-16T21:00,69.4,204.8,6000,6000,1.1567,3.4133,170.77,-8.28,113.26
2026-05-16T22:00,315.7,0.4,5700,5700,5.5386,0.007,454.62,196.96,304.38
2026-05-16T23:00,12.3,13.3,4300,4000,0.286,0.3325,249.24,255.85,404.61
2026-05-17T00:00,4.1,103.5,4000,4000,0.1025,2.5875,166.18,282.77,445.76
2026-05-17T01:00,12.2,73.9,4000,4000,0.305,1.8475,242.69,243.98,402.64
2026-05-17T02:00,39.6,21.1,4200,4200,0.9429,0.5024,369.54,269.8,376
2026-05-17T03:00,53.4,2.5,4000,4000,1.335,0.0625,364.99,247,348.87
2026-05-17T04:00,123.2,0.5,4000,4000,3.08,0.0125,415.22,189.66,304.63
2026-05-17T05:00,19.2,8,4000,4000,0.48,0.2,265.5,211.86,264.14
2026-05-17T06:00,67.3,0.3,4000,4000,1.6825,0.0075,406.72,135.87,280
2026-05-17T07:00,65.7,0.8,4000,4000,1.6425,0.02,401.41,224.7,281.93
2026-05-17T08:00,22.2,15.1,4000,4000,0.555,0.3775,324.31,187.64,273.32
2026-05-17T09:00,4.3,297.1,5700,5700,0.0754,5.2123,224.27,116.3,235.89
2026-05-17T10:00,1.9,622.2,6000,6000,0.0317,10.37,67.4,-18.95,132.38
2026-05-17T11:00,61.6,63.8,6000,6000,1.0267,1.0633,40.35,-13.27,32.03
2026-05-17T12:00,12,98.4,5400,5400,0.2222,1.8222,16.63,-12.08,3.35
2026-05-17T13:00,277.2,9.2,4900,4900,5.6571,0.1878,60.14,-16.56,0
2026-05-17T14:00,190.6,0.3,4800,4800,3.9708,0.0062,32.41,-3.1,0
2026-05-17T15:00,112.3,1.8,4800,4800,2.3396,0.0375,15.37,-4.7,0
2026-05-17T16:00,30.3,8.3,4800,4800,0.6313,0.1729,-2.12,-4.53,0
2026-05-17T17:00,364.8,0,4800,4800,7.6,0,186,3.98,-0.02
2026-05-17T18:00,353.9,6.3,4800,4800,7.3729,0.1312,150.97,-4.57,0
2026-05-17T19:00,107.8,41.4,5300,5300,2.034,0.7811,61.92,-7.7,0.01
2026-05-17T20:00,8.8,336.6,6000,6000,0.1467,5.61,12.72,-35.54,8.35
2026-05-17T21:00,27.5,497.2,6000,6000,0.4583,8.2867,182.04,-41.27,133.77
2026-05-17T22:00,124.7,1.7,5700,5700,2.1877,0.0298,448.52,225.09,357.65
2026-05-17T23:00,9.3,35.9,4300,4000,0.2163,0.8975,372.69,279.85,459.87
2026-05-18T00:00,0.5,162.5,4000,4000,0.0125,4.0625,363.73,283.02,476.02
2026-05-18T01:00,30.4,33.1,4000,4000,0.76,0.8275,365.98,196.91,430.04
2026-05-18T02:00,54,24.8,4400,4400,1.2273,0.5636,403.32,285.94,372.05
2026-05-18T03:00,39.5,3.2,4000,4000,0.9875,0.08,367.73,232.95,348.9
2026-05-18T04:00,4.9,129.8,4000,4000,0.1225,3.245,301.08,159.81,333.04
2026-05-18T05:00,1.1,145,4000,4000,0.0275,3.625,241.78,255.21,317.48
2026-05-18T06:00,5.1,54.1,4000,4000,0.1275,1.3525,286.47,257.03,324.66
2026-05-18T07:00,83.2,22.2,4100,4000,2.0293,0.555,393.73,189.37,348.16
2026-05-18T08:00,18.5,16.1,4800,4600,0.3854,0.35,393.21,275.84,403.16
2026-05-18T09:00,234.4,7.5,5700,5700,4.1123,0.1316,491.68,391.13,447.54
2026-05-18T10:00,5.4,156.9,6000,6000,0.09,2.615,405.78,209.84,404.15
2026-05-18T11:00,271.9,203.3,6000,6000,4.5317,3.3883,371.61,115.64,260.77
2026-05-18T12:00,19.8,25.1,5400,5400,0.3667,0.4648,92.5,13.98,70.55
2026-05-18T13:00,43,14.8,5200,5200,0.8269,0.2846,71.88,0.59,3.83
2026-05-18T14:00,51.8,15.2,5200,5200,0.9962,0.2923,103.17,-0.4,1.04
2026-05-18T15:00,7.6,178.7,5200,5200,0.1462,3.4365,29.22,-10.57,0.04
2026-05-18T16:00,18.1,16.6,5200,5200,0.3481,0.3192,79.48,-0.54,0
2026-05-18T17:00,7.5,282.6,5200,5200,0.1442,5.4346,5.16,-12.98,0
2026-05-18T18:00,271.3,124.3,5200,5200,5.2173,2.3904,165.48,-6.8,0.01
2026-05-18T19:00,235.8,23.5,5300,5300,4.4491,0.4434,313.07,-3.37,2.64
2026-05-18T20:00,135.7,21.1,6000,6000,2.2617,0.3517,243.28,9.25,59.79
2026-05-18T21:00,277.9,125.4,6000,6000,4.6317,2.09,428.55,150.71,264.52
2026-05-18T22:00,74.5,28.2,5700,5700,1.307,0.4947,428.81,274.4,422.52
2026-05-18T23:00,5.3,76.8,4600,4400,0.1152,1.7455,402.52,355.03,516.34
2026-05-19T00:00,4.1,315.3,4000,4400,0.1025,7.1659,376.83,264.49,502.79
2026-05-19T01:00,155.9,29.3,4200,4400,3.7119,0.6659,498.79,150.82,424.7
2026-05-19T02:00,113.2,3.7,4400,4400,2.5727,0.0841,450.82,165.77,381.39
2026-05-19T03:00,26.6,19.5,4000,4000,0.665,0.4875,359.05,150.3,299.46
2026-05-19T04:00,101.8,25.8,4000,4000,2.545,0.645,415.22,118.87,263.85
2026-05-19T05:00,379.4,0.1,4000,4000,9.485,0.0025,511.35,199.93,245.87
2026-05-19T06:00,33,2.1,4000,4000,0.825,0.0525,332.3,140.49,201.19
2026-05-19T07:00,30.2,102.7,4100,4000,0.7366,2.5675,325.75,69.81,239.82
2026-05-19T08:00,125.8,0.7,4800,4600,2.6208,0.0152,429.4,47.9,247.56
2026-05-19T09:00,103.4,87.1,5700,5700,1.814,1.5281,409.86,256.38,309.08
2026-05-19T10:00,74.2,64.9,6000,6000,1.2367,1.0817,344.04,154.7,285.08
2026-05-19T11:00,38.6,518.4,6000,6000,0.6433,8.64,115.92,-27.62,101.24
2026-05-19T12:00,98.1,288.1,5400,5400,1.8167,5.3352,107.62,-19.23,5.38
2026-05-19T13:00,4.9,314.9,5200,5200,0.0942,6.0558,114.79,-21.54,0.81
2026-05-19T14:00,3.3,220,5200,5200,0.0635,4.2308,95.88,-14.37,0.04
2026-05-19T15:00,16.3,33.3,5200,5200,0.3135,0.6404,9.67,-13.29,0
2026-05-19T16:00,47.3,23.6,5200,5200,0.9096,0.4538,4.99,-1.43,0
2026-05-19T17:00,25,16.5,5200,5200,0.4808,0.3173,2.18,-0.62,0
2026-05-19T18:00,212.7,11.8,5200,5200,4.0904,0.2269,31.11,-1.3,0
2026-05-19T19:00,302.4,8.1,5300,5300,5.7057,0.1528,78.19,-1.67,0.1
2026-05-19T20:00,14.9,202.9,6000,6000,0.2483,3.3817,18.57,-14.29,33.2
2026-05-19T21:00,110.9,94,6000,6000,1.8483,1.5667,273.88,47.75,190.84
2026-05-19T22:00,8.8,79.7,5700,5700,0.1544,1.3982,349.58,145.93,305.26
2026-05-19T23:00,123,42.5,4600,4400,2.6739,0.9659,482.03,382.15,466.71
2026-05-20T00:00,30.3,5.7,4000,4400,0.7575,0.1295,439.18,377.63,448.56
2026-05-20T01:00,68.4,17.6,4200,4400,1.6286,0.4,381.57,247.91,376.52
2026-05-20T02:00,76.6,10,4400,4400,1.7409,0.2273,369.78,255.52,381.95
2026-05-20T03:00,243.3,0,4000,4000,6.0825,0,479.18,213.1,355.15
2026-05-20T04:00,105.1,9.7,4000,4000,2.6275,0.2425,388.92,235.77,328.57
2026-05-20T05:00,40.6,51.2,4000,4000,1.015,1.28,336.97,200.35,309.52
2026-05-20T06:00,6,106.5,4000,4000,0.15,2.6625,276.14,216.52,305.36
2026-05-20T07:00,119.3,7.2,4100,4000,2.9098,0.18,394.8,173.62,315.78
2026-05-20T08:00,71.2,23.7,4800,4600,1.4833,0.5152,431.25,312.62,411.65
2026-05-20T09:00,38.3,65.4,5700,5700,0.6719,1.1474,398.18,240.96,433.53
2026-05-20T10:00,13.7,230.1,6000,6000,0.2283,3.835,243.71,119.33,316
2026-05-20T11:00,193.1,43.7,6000,6000,3.2183,0.7283,184.35,-3.31,114.57
2026-05-20T12:00,291.6,13.9,5400,5400,5.4,0.2574,117.56,-19.18,1.36
2026-05-20T13:00,8.5,135.3,5200,5200,0.1635,2.6019,33.22,-9.27,-0.01
2026-05-20T14:00,276.3,35.5,5200,5200,5.3135,0.6827,445.99,-6.68,-0.04
2026-05-20T15:00,252.7,16.5,5200,5200,4.8596,0.3173,47.41,-4.3,-0.56
2026-05-20T16:00,13.1,180.5,5200,5200,0.2519,3.4712,0.56,-10.09,-2.16
2026-05-20T17:00,45.7,82.3,5200,5200,0.8788,1.5827,21,-12.06,-3.09
2026-05-20T18:00,95.4,18.5,5200,5200,1.8346,0.3558,22.16,-8.3,-1.95
2026-05-20T19:00,79.4,285.2,5300,5300,1.4981,5.3811,19.65,-24.11,-0.01
2026-05-20T20:00,146.1,230.9,6000,6000,2.435,3.8483,111.93,-22.07,12.8
2026-05-20T21:00,96.6,138,6000,6000,1.61,2.3,251.03,30.24,178.14
2026-05-20T22:00,453.4,38.8,5700,5700,7.9544,0.6807,622.79,340.73,408.09
2026-05-20T23:00,155.7,12.6,4600,4400,3.3848,0.2864,518.12,486.46,516.68
2026-05-21T00:00,116.9,15.8,4000,4400,2.9225,0.3591,523.59,442.63,528.26
2026-05-21T01:00,50.8,72.5,4200,4400,1.2095,1.6477,445.51,386.29,469.44
2026-05-21T02:00,51.3,22.9,4400,4400,1.1659,0.5205,395.74,259.02,448.75
2026-05-21T03:00,116.9,0.9,4000,4000,2.9225,0.0225,414.13,165.03,397.25
2026-05-21T04:00,53.6,1.2,4000,4000,1.34,0.03,340.74,335.65,384.08
2026-05-21T05:00,71.6,59.7,4000,4000,1.79,1.4925,339.39,244.44,348.96
2026-05-21T06:00,43.8,5.4,4000,4000,1.095,0.135,338.41,249.17,332.16
2026-05-21T07:00,146.1,23.5,4100,4000,3.5634,0.5875,402.48,219.55,370.08
2026-05-21T08:00,153.9,8.8,4800,4600,3.2063,0.1913,427.19,289.4,389.54
2026-05-21T09:00,104.4,20.4,5700,5700,1.8316,0.3579,471.17,253.9,425.01
2026-05-21T10:00,62.1,32.9,6000,6000,1.035,0.5483,348.42,246.07,313.43
2026-05-21T11:00,10.1,173.6,6000,6000,0.1683,2.8933,37.79,-12.75,60.51
2026-05-21T12:00,13.2,329.5,5400,5400,0.2444,6.1019,6.56,-24.72,0
2026-05-21T13:00,85.6,32.4,5200,5200,1.6462,0.6231,35.57,-5.47,-0.06
2026-05-21T14:00,85.5,501.9,5200,5200,1.6442,9.6519,55.26,-32.64,-0.78
2026-05-21T15:00,148.4,17.8,5200,5200,2.8538,0.3423,17.64,-19.24,-1.24
2026-05-21T16:00,133.6,5.7,5200,5200,2.5692,0.1096,26.33,-2.19,-2
2026-05-21T17:00,19.6,97.6,5200,5200,0.3769,1.8769,84.7,-9.01,-2
2026-05-21T18:00,6.2,56.3,5200,5200,0.1192,1.0827,32.67,-7.55,-1.06
2026-05-21T19:00,35.2,150.1,5300,5300,0.6642,2.8321,62.57,-12.94,0.08
2026-05-21T20:00,110,109.4,6000,6000,1.8333,1.8233,76.61,-4.51,32.94
2026-05-21T21:00,29.4,154.1,6000,6000,0.49,2.5683,182.58,78.52,250.08
2026-05-21T22:00,91.5,8.8,5700,5700,1.6053,0.1544,453.43,224.45,412.81
2026-05-21T23:00,103.5,3.8,4600,4400,2.25,0.0864,483.16,193.62,492.79
2026-05-22T00:00,250.2,0.5,4000,4400,6.255,0.0114,535.52,200.82,478.18
2026-05-22T01:00,220.7,62.4,4200,4400,5.2548,1.4182,515.1,225.33,414.92
2026-05-22T02:00,61.5,18.9,4400,4400,1.3977,0.4295,425.63,256.18,441.44
2026-05-22T03:00,18.2,250.9,4000,4000,0.455,6.2725,317.16,203.43,391.38
2026-05-22T04:00,83,57.6,4000,4000,2.075,1.44,329.59,201.97,337.71
2026-05-22T05:00,7.8,65.3,4000,4000,0.195,1.6325,308.36,255.76,328.48
2026-05-22T06:00,257.8,1.4,4000,4000,6.445,0.035,456.83,192.7,327.1
2026-05-22T07:00,219,28.2,4100,4000,5.3415,0.705,448.44,315.07,352.88
2026-05-22T08:00,1.4,297.9,4800,4600,0.0292,6.4761,386.52,242.85,408.24
2026-05-22T09:00,43.7,35,5700,5700,0.7667,0.614,417.95,329.36,417.48
2026-05-22T10:00,7.4,196.8,6000,6000,0.1233,3.28,234.33,83.73,301.47
2026-05-22T11:00,64.8,65.9,6000,6000,1.08,1.0983,51.03,9.13,92.68
2026-05-22T12:00,25.8,35.4,5400,5400,0.4778,0.6556,4.89,-5.12,3.05
2026-05-22T13:00,5.3,189.9,5200,5200,0.1019,3.6519,1.06,-16.41,0
2026-05-22T14:00,52.8,121.1,5200,5200,1.0154,2.3288,52.08,-8.17,-0.01
2026-05-22T15:00,11,18.8,5200,5200,0.2115,0.3615,85.99,-1.42,-0.04
2026-05-22T16:00,5.6,49.6,5200,5200,0.1077,0.9538,16.45,-2.26,-0.04
2026-05-22T17:00,25.6,41.6,5200,5200,0.4923,0.8,34.18,-1.8,-0.04
2026-05-22T18:00,77.3,34.6,5200,5200,1.4865,0.6654,20.04,-2.74,-0.03
2026-05-22T19:00,113.9,5.1,5300,5300,2.1491,0.0962,132.07,-0.45,0.51
2026-05-22T20:00,262.2,23.4,6000,6000,4.37,0.39,180.39,24.23,38.2
2026-05-22T21:00,332.2,10.6,6000,6000,5.5367,0.1767,442.57,158.56,195.94
2026-05-22T22:00,67,35.6,5700,5700,1.1754,0.6246,444.18,275.18,364.02
2026-05-22T23:00,24.8,126.9,4600,4400,0.5391,2.8841,403.57,289.52,465.68
2026-05-23T00:00,9.4,162.8,4000,4400,0.235,3.7,378.3,319.11,480.02
2026-05-23T01:00,66.7,24.1,4200,4400,1.5881,0.5477,442.45,283.81,442.85
2026-05-23T02:00,42.3,22.5,4200,4200,1.0071,0.5357,358.55,244.75,413.92
2026-05-23T03:00,105.1,2.5,4000,4000,2.6275,0.0625,324.22,253.32,321.76
2026-05-23T04:00,24.4,2.6,4000,4000,0.61,0.065,259.05,204.98,244.23
2026-05-23T05:00,131.5,0.6,4000,4000,3.2875,0.015,391.46,83.93,187.5
2026-05-23T06:00,155.6,0.1,4000,4000,3.89,0.0025,403.29,110.25,200
2026-05-23T07:00,122.2,8.7,4000,4000,3.055,0.2175,327.99,98.47,182.68
2026-05-23T08:00,60,1.8,4000,4000,1.5,0.045,346.55,144.42,185.18
2026-05-23T09:00,25.8,37.4,5700,5700,0.4526,0.6561,323.06,167.25,202.1
2026-05-23T10:00,85.3,121.7,6000,6000,1.4217,2.0283,153.96,20.13,84.68
2026-05-23T11:00,10.8,280.8,6000,6000,0.18,4.68,15.7,-25.84,6.4
2026-05-23T12:00,39.9,217.7,5400,5400,0.7389,4.0315,33.88,-18.11,-1.33
2026-05-23T13:00,100.1,39.1,5200,5200,1.925,0.7519,33.3,-11.23,-8.29
2026-05-23T14:00,10.2,23.2,5200,5200,0.1962,0.4462,10.96,-25.51,-8.4
2026-05-23T15:00,30.1,36,5200,5200,0.5788,0.6923,33.89,-6.65,-8.4
2026-05-23T16:00,64.1,94.3,5200,5200,1.2327,1.8135,13.73,-11.7,-8.4
2026-05-23T17:00,39,20.9,5200,5200,0.75,0.4019,21.5,-5.04,-10.1
2026-05-23T18:00,111.4,29.6,5200,5200,2.1423,0.5692,103.15,-7.03,-4.07
2026-05-23T19:00,299.4,8.2,5300,5300,5.6491,0.1547,49.36,-4.66,-1.48
2026-05-23T20:00,40.6,154.1,6000,6000,0.6767,2.5683,85.37,-10.23,14.96
2026-05-23T21:00,118.4,114.1,6000,6000,1.9733,1.9017,248.28,63.16,153.81
2026-05-23T22:00,0.8,271.4,5700,5700,0.014,4.7614,242.83,96.16,249.84
2026-05-23T23:00,101.1,60.7,4300,4000,2.3512,1.5175,385.56,90.63,379.58
2026-05-24T00:00,0,248.9,4000,4000,0,6.2225,324.86,201.11,414.13
2026-05-24T01:00,9.1,53.5,4000,4000,0.2275,1.3375,260.53,176.68,315.78
2026-05-24T02:00,21.3,23.3,4200,4200,0.5071,0.5548,247.86,156.35,256.27
2026-05-24T03:00,9.3,151.4,4000,4000,0.2325,3.785,195.51,38.49,174.52
2026-05-24T04:00,1.2,263.3,4000,4000,0.03,6.5825,183.2,-21.79,140.08
2026-05-24T05:00,22.7,87,4000,4000,0.5675,2.175,208.72,26.44,140.05
2026-05-24T06:00,1.9,96.7,4000,4000,0.0475,2.4175,154.83,60.59,140.04
2026-05-24T07:00,2.5,94.3,4000,4000,0.0625,2.3575,131.76,68.38,140.08
2026-05-24T08:00,7.2,58,4000,4000,0.18,1.45,178.59,53.74,140.08
2026-05-24T09:00,40.4,222.9,5700,5700,0.7088,3.9105,326.83,106.4,132.11
2026-05-24T10:00,29.4,310.6,6000,6000,0.49,5.1767,80.07,-34.09,34.77
2026-05-24T11:00,27.5,75,6000,6000,0.4583,1.25,7.37,-22.52,-0.11
2026-05-24T12:00,9,42.3,5400,5400,0.1667,0.7833,21.68,-19.09,-3.26
2026-05-24T13:00,72.1,9.5,4900,4900,1.4714,0.1939,6.62,-33.45,-8.1
2026-05-24T14:00,123.6,20.5,4800,4800,2.575,0.4271,10.68,-8.38,-8.4
2026-05-24T15:00,16.1,199.2,4800,4800,0.3354,4.15,-1.19,-21.11,-8.4
2026-05-24T16:00,4.9,180.2,4800,4800,0.1021,3.7542,7.57,-20.06,-8.4
2026-05-24T17:00,94.7,8.8,4800,4800,1.9729,0.1833,27.7,-7.66,-8.4
2026-05-24T18:00,141.6,26.4,4800,4800,2.95,0.55,41.09,-10.12,-4.93
2026-05-24T19:00,11.6,214.9,5300,5300,0.2189,4.0547,10.81,-22.51,-0.03
2026-05-24T20:00,2.6,724.3,6000,6000,0.0433,12.0717,-12.39,-65.66,20.14
2026-05-24T21:00,93.3,217.9,6000,6000,1.555,3.6317,233.03,-16.64,65.6
2026-05-24T22:00,91.7,14.8,5700,5700,1.6088,0.2596,345.93,118.8,216.91
2026-05-24T23:00,185.6,16.4,4300,4000,4.3163,0.41,530.77,280.09,339.42
2026-05-25T00:00,28.7,163,4000,4000,0.7175,4.075,381.44,187.45,359.19
2026-05-25T01:00,36.9,98,4000,4000,0.9225,2.45,311.55,172.15,277.13
2026-05-25T02:00,143.3,2.7,4400,4400,3.2568,0.0614,331.52,86.52,151.91
2026-05-25T03:00,378.8,0.4,4000,4000,9.47,0.01,418.91,47.78,138.27
2026-05-25T04:00,348.5,0.2,4000,4000,8.7125,0.005,388.98,49.67,97.48
2026-05-25T05:00,128,0.8,4000,4000,3.2,0.02,319.18,49.17,97.37
2026-05-25T06:00,152.3,1.1,4000,4000,3.8075,0.0275,285.58,65.2,98.29
2026-05-25T07:00,74,80.8,4100,4000,1.8049,2.02,243.51,48.67,127.8
2026-05-25T08:00,88.9,75.6,4800,4600,1.8521,1.6435,341.05,131.68,217.34
2026-05-25T09:00,84.5,25,5700,5700,1.4825,0.4386,353.04,208.19,265.73
2026-05-25T10:00,87.3,107.4,6000,6000,1.455,1.79,175.49,29.94,114.91
2026-05-25T11:00,101.5,207.8,6000,6000,1.6917,3.4633,17.12,-27.4,20
2026-05-25T12:00,488.6,5.3,5400,5400,9.0481,0.0981,73.07,4.98,-0.56
2026-05-25T13:00,231.3,60.3,5200,5200,4.4481,1.1596,20.86,-1.38,-4.33
2026-05-25T14:00,130.4,7.6,5200,5200,2.5077,0.1462,21,-18.5,-8.01
2026-05-25T15:00,41.5,22.9,5200,5200,0.7981,0.4404,4.67,-9.92,-8.4
2026-05-25T16:00,115.5,22.9,5200,5200,2.2212,0.4404,14.87,-9.83,-8.4
2026-05-25T17:00,53.2,27.7,5200,5200,1.0231,0.5327,17.43,-7.3,-7.66
2026-05-25T18:00,83.3,17.5,5200,5200,1.6019,0.3365,23.28,-14.32,-2.9
2026-05-25T19:00,95.7,264.7,5300,5300,1.8057,4.9943,59.28,-18.17,-0.03
2026-05-25T20:00,4,606,6000,6000,0.0667,10.1,17.24,-37.37,18.16
2026-05-25T21:00,412.1,0.2,6000,6000,6.8683,0.0033,552.33,159.83,158.5
2026-05-25T22:00,429.8,1.2,5700,5700,7.5404,0.0211,475.42,337.59,352.44
2026-05-25T23:00,194,1.9,4600,4400,4.2174,0.0432,454.29,328.41,432.38
2026-05-26T00:00,27,22.8,4000,4400,0.675,0.5182,375.03,265.73,434.61
2026-05-26T01:00,84.4,21.1,4200,4400,2.0095,0.4795,367.75,204.66,359.84
2026-05-26T02:00,2.5,214.1,4400,4400,0.0568,4.8659,342.16,201.98,372.03
2026-05-26T03:00,35.4,17.4,4000,4000,0.885,0.435,356.2,301.21,349.06
2026-05-26T04:00,1,184.2,4000,4000,0.025,4.605,305.21,208.87,329.68
2026-05-26T05:00,109.7,18.7,4000,4000,2.7425,0.4675,417.71,182.81,327.52
2026-05-26T06:00,30.2,77.5,4000,4000,0.755,1.9375,392.28,222.66,327.28
2026-05-26T07:00,234.8,3.9,4100,4000,5.7268,0.0975,440.06,320.99,334.1
2026-05-26T08:00,2.2,89.3,4800,4600,0.0458,1.9413,377.07,288.85,416.94
2026-05-26T09:00,14.2,145.2,5700,5700,0.2491,2.5474,394.46,278.79,422.34
2026-05-26T10:00,4.1,303.9,6000,6000,0.0683,5.065,244.29,63.08,311.41
2026-05-26T11:00,33.7,340.5,6000,6000,0.5617,5.675,32.33,-47.28,79.9
2026-05-26T12:00,104.1,43.1,5400,5400,1.9278,0.7981,7.12,-8.92,3.88
2026-05-26T13:00,117.6,35,5200,5200,2.2615,0.6731,27.96,-5.2,-0.02
2026-05-26T14:00,31.6,49.3,5200,5200,0.6077,0.9481,28.52,-5.58,-0.04
2026-05-26T15:00,4.6,235.7,5200,5200,0.0885,4.5327,3.66,-16.06,-0.42
2026-05-26T16:00,114.6,38.7,5200,5200,2.2038,0.7442,2.21,-4.4,-0.68
2026-05-26T17:00,260.8,9,5200,5200,5.0154,0.1731,34.69,-0.22,-0.06
2026-05-26T18:00,219.8,11.5,5200,5200,4.2269,0.2212,125.59,-1.56,0
2026-05-26T19:00,447.7,21,5300,5300,8.4472,0.3962,239.26,2.96,3.36
2026-05-26T20:00,189.7,53.9,6000,6000,3.1617,0.8983,229.93,26.54,65.18
2026-05-26T21:00,179.2,44,6000,6000,2.9867,0.7333,487.07,139.83,258.06
2026-05-26T22:00,282.6,5.4,5700,5700,4.9579,0.0947,495.15,380.41,472.93
2026-05-26T23:00,1.3,264.7,4600,4400,0.0283,6.0159,406.96,303.74,604.83
2026-05-27T00:00,3.8,235.4,4000,4400,0.095,5.35,425.76,312.36,599.96
2026-05-27T01:00,14.7,87,4200,4400,0.35,1.9773,478.01,356.64,517.97
2026-05-27T02:00,53.7,92.7,4400,4400,1.2205,2.1068,459.64,287.79,536.08
2026-05-27T03:00,31.6,60.9,4000,4000,0.79,1.5225,455.16,249.38,497.75
2026-05-27T04:00,26.8,13.6,4000,4000,0.67,0.34,407.23,352.24,456.13
2026-05-27T05:00,143.7,2.6,4000,4000,3.5925,0.065,471.81,323.69,440.42
2026-05-27T06:00,130,5.9,4000,4000,3.25,0.1475,458.5,307.65,437.63
2026-05-27T07:00,56.9,13.9,4100,4000,1.3878,0.3475,420.24,308.83,447.91
2026-05-27T08:00,3,186.9,4800,4600,0.0625,4.063,410.62,297.22,489.49
2026-05-27T09:00,236.6,58.2,5700,5700,4.1509,1.0211,513.25,361.2,497.16
2026-05-27T10:00,11.6,155.2,6000,6000,0.1933,2.5867,344.49,159.61,412.02
2026-05-27T11:00,127.7,45.9,6000,6000,2.1283,0.765,236.97,38.35,161.19
2026-05-27T12:00,4.9,567.6,5400,5400,0.0907,10.5111,5.32,-29.38,15.84
2026-05-27T13:00,16.9,18.8,5200,5200,0.325,0.3615,20.6,-1.57,1.12
2026-05-27T14:00,20.4,11.4,5200,5200,0.3923,0.2192,13.83,-1.02,0
2026-05-27T15:00,282.8,117.5,5200,5200,5.4385,2.2596,80.53,-6.67,-0.02
2026-05-27T16:00,221.3,151.3,5200,5200,4.2558,2.9096,28.78,-16.99,-0.03
2026-05-27T17:00,128.7,188.5,5200,5200,2.475,3.625,22.19,-17.24,0.01
2026-05-27T18:00,15.9,29.8,5200,5200,0.3058,0.5731,26.59,-3.54,1.36
2026-05-27T19:00,205.8,6.8,5300,5300,3.883,0.1283,354.19,5.1,10.86
2026-05-27T20:00,50.8,21.5,6000,6000,0.8467,0.3583,85.36,32.67,103.3
2026-05-27T21:00,221.9,90.1,6000,6000,3.6983,1.5017,381.13,109.57,277.56
2026-05-27T22:00,124.8,55.1,5700,5700,2.1895,0.9667,475.67,221.53,476.62
2026-05-27T23:00,93.2,77.5,4600,4400,2.0261,1.7614,461.95,262.35,570.41
2026-05-28T00:00,22.1,58.5,4000,4400,0.5525,1.3295,475.98,379.06,545.1
2026-05-28T01:00,23.1,217.2,4200,4400,0.55,4.9364,412.91,259.78,480.52
2026-05-28T02:00,53.3,110.2,7700,7700,0.6922,1.4312,777.69,530.62,764.36
2026-05-28T03:00,0,1141.2,8000,8000,0,14.265,673.76,344.74,859.6
2026-05-28T04:00,50.6,148.8,8000,8000,0.6325,1.86,861.92,571.48,835.06
2026-05-28T05:00,248.8,34.6,8000,8000,3.11,0.4325,898.18,579.4,834.86
2026-05-28T06:00,8.2,86.8,8000,8000,0.1025,1.085,741.94,689.26,848
2026-05-28T07:00,93.8,96.8,8200,8000,1.1439,1.21,677.8,471.66,910.02
2026-05-28T08:00,18.8,543,9600,9200,0.1958,5.9022,587.94,566.06,1015.16
2026-05-28T09:00,529.8,31.8,11400,11400,4.6474,0.2789,1095.56,432.68,981.06
2026-05-28T10:00,18.4,372.2,12000,12000,0.1533,3.1017,618.28,257.3,833.2
2026-05-28T11:00,44.2,265.2,12000,12000,0.3683,2.21,327.5,34.94,421.74
2026-05-28T12:00,2.6,1119.6,10800,10800,0.0241,10.3667,6.22,-62.16,113.54
2026-05-28T13:00,13,360.4,10400,10400,0.125,3.4654,11.88,-18.68,4.54
2026-05-28T14:00,205.2,71.4,10400,10400,1.9731,0.6865,90.06,-8.82,0.08
2026-05-28T15:00,5.8,556.8,10400,10400,0.0558,5.3538,-0.18,-28.38,0.04
2026-05-28T16:00,32,235.4,10400,10400,0.3077,2.2635,38.78,-13.76,0.06
2026-05-28T17:00,641.4,1.2,10400,10400,6.1673,0.0115,147.16,-0.1,3.4
2026-05-28T18:00,702.2,48.6,10400,10400,6.7519,0.4673,315.22,4.56,17.5
2026-05-28T19:00,85.8,383.6,10600,10600,0.8094,3.6189,165.86,-24.88,116.84
2026-05-28T20:00,22.2,553.6,12000,12000,0.185,4.6133,225.82,-20.38,376.44
2026-05-28T21:00,123.6,311,12000,12000,1.03,2.5917,591.8,175.5,712.92
2026-05-28T22:00,473.6,20,11400,11400,4.1544,0.1754,1127.82,447.84,1034.66
2026-05-28T23:00,294.6,29.8,9200,8800,3.2022,0.3386,1214.24,1028.38,1276.8
2026-05-29T00:00,9.6,260.8,8000,8800,0.12,2.9636,982.6,766.58,1241.72
2026-05-29T01:00,0.2,754.2,8400,8800,0.0024,8.5705,879.96,604.68,1079.86
2026-05-29T02:00,50.4,317.2,8800,8800,0.5727,3.6045,883.14,587.58,1060.88
2026-05-29T03:00,48,221.4,8000,8000,0.6,2.7675,865.12,495.28,1005.88
2026-05-29T04:00,23,32.8,8000,8000,0.2875,0.41,798.34,596.88,965.38
2026-05-29T05:00,109.6,29.6,8000,8000,1.37,0.37,932.02,490.54,918.72
2026-05-29T06:00,32,215,8000,8000,0.4,2.6875,755.06,638.32,889.54
2026-05-29T07:00,124.8,90.8,8200,8000,1.522,1.135,912.62,576.22,942.76
2026-05-29T08:00,0,425.8,9600,9200,0,4.6283,716.4,577.8,1010.88
2026-05-29T09:00,22.8,151,11400,11400,0.2,1.3246,957.88,545.62,1007.96
2026-05-29T10:00,75.2,208.2,12000,12000,0.6267,1.735,859.34,321.16,868.64
2026-05-29T11:00,60,102.6,12000,12000,0.5,0.855,480.38,73.18,493.6
2026-05-29T12:00,19.8,182,10800,10800,0.1833,1.6852,112.88,11.8,127.32
2026-05-29T13:00,7.6,435.2,10400,10400,0.0731,4.1846,17.26,-18.4,17.98
2026-05-29T14:00,116.2,82.2,10400,10400,1.1173,0.7904,90.5,-7.64,4.36
2026-05-29T15:00,66.8,246.8,10400,10400,0.6423,2.3731,28.4,-18.06,1.58
2026-05-29T16:00,552.6,11.4,10400,10400,5.3135,0.1096,69.04,35.98,6.72
2026-05-29T17:00,642.6,18,10400,10400,6.1788,0.1731,267.24,11.82,11.64
2026-05-29T18:00,25.4,696.8,10400,10400,0.2442,6.7,36.12,-32.84,61.66
2026-05-29T19:00,145,73,10600,10600,1.3679,0.6887,189.84,43.86,215.62
2026-05-29T20:00,110.8,134.8,12000,12000,0.9233,1.1233,561.02,92.28,502.62
2026-05-29T21:00,43,36.8,12000,12000,0.3583,0.3067,821.82,472.34,751.46
2026-05-29T22:00,8.4,70.4,11400,11400,0.0737,0.6175,877.36,681.62,974.56
2026-05-29T23:00,17.4,119.4,9200,8800,0.1891,1.3568,880.5,837.62,1201.56
2026-05-30T00:00,13.4,95.8,8000,8800,0.1675,1.0886,890.96,877.64,1219.58
2026-05-30T01:00,46.2,148.8,8400,8800,0.55,1.6909,987.2,739.18,1020.9
2026-05-30T02:00,3.6,480.2,8400,8400,0.0429,5.7167,834.92,555.78,986.44
2026-05-30T03:00,0.4,551.4,8000,8000,0.005,6.8925,541.54,521.44,894.9
2026-05-30T04:00,33,82,8000,8000,0.4125,1.025,797.2,560.94,856.98
2026-05-30T05:00,308.2,5.4,8000,8000,3.8525,0.0675,923.6,574.76,838.88
2026-05-30T06:00,82.2,10.2,8000,8000,1.0275,0.1275,906.76,645.12,917.6
2026-05-30T07:00,85.4,18.6,8000,8000,1.0675,0.2325,931.18,554.12,922.7
2026-05-30T08:00,32.6,286.4,8000,8000,0.4075,3.58,842.32,504.68,889.6
2026-05-30T09:00,3.8,584.8,11400,11400,0.0333,5.1298,780.54,446,823.82
2026-05-30T10:00,20.4,293.4,12000,12000,0.17,2.445,309.78,156.32,493.46
2026-05-30T11:00,196.8,57.8,12000,12000,1.64,0.4817,147.84,9.74,162.42
2026-05-30T12:00,264.2,30.4,10800,10800,2.4463,0.2815,115.16,-0.56,19.7
2026-05-30T13:00,48,314.6,10400,10400,0.4615,3.025,7.7,-25.36,-0.04
2026-05-30T14:00,66.6,42,10400,10400,0.6404,0.4038,-7.62,-6.18,-0.08
2026-05-30T15:00,455.4,10.2,10400,10400,4.3788,0.0981,29.1,-4.06,-0.64
2026-05-30T16:00,132.8,15.4,10400,10400,1.2769,0.1481,5.44,-50.12,-0.84
2026-05-30T17:00,158,180,10400,10400,1.5192,1.7308,54.5,-39.5,-0.08
2026-05-30T18:00,235.6,94.8,10400,10400,2.2654,0.9115,90.96,-23.4,2.7
2026-05-30T19:00,496.4,8.8,10600,10600,4.683,0.083,218.5,11.1,19.44
2026-05-30T20:00,252.4,242.6,12000,12000,2.1033,2.0217,208.2,-2.8,187.24
2026-05-30T21:00,133.6,73.6,12000,12000,1.1133,0.6133,542.5,227.44,524.94
2026-05-30T22:00,164,64.4,11400,11400,1.4386,0.5649,841.9,460.54,774.2
2026-05-30T23:00,92.4,228,8600,8000,1.0744,2.85,833.7,440.8,872.34
2026-05-31T00:00,86.4,111.8,8000,8000,1.08,1.3975,940.18,445.78,915.92
2026-05-31T01:00,10.6,86,8000,8000,0.1325,1.075,719.78,653.8,863.2
2026-05-31T02:00,364,42.6,8400,8400,4.3333,0.5071,907.6,294.44,803.78
2026-05-31T03:00,153.2,70.8,8000,8000,1.915,0.885,862,434.08,747.24
2026-05-31T04:00,62.2,124.2,8000,8000,0.7775,1.5525,733.9,354.5,641.44
2026-05-31T05:00,56.4,233.6,8000,8000,0.705,2.92,686.86,289.22,664
2026-05-31T06:00,429.4,6.4,8000,8000,5.3675,0.08,911.88,378.94,583.96
2026-05-31T07:00,331.6,35.2,8000,8000,4.145,0.44,890.92,349.84,583.12
2026-05-31T08:00,54.4,31.2,8000,8000,0.68,0.39,604.7,464.37,644.62
2026-05-31T09:00,86.5,63.1,11400,11400,0.7588,0.5535,315.26,205.49,548.24
2026-05-31T10:00,80.5,59.7,12000,12000,0.6708,0.4975,188.16,33.77,164.66
2026-05-31T11:00,74.8,295.6,12000,12000,0.6233,2.4633,13.5,-25.28,18.02
2026-05-31T12:00,17.6,168.9,10800,10800,0.163,1.5639,8.17,-13.64,0
2026-05-31T13:00,0.2,355.8,9800,9800,0.002,3.6306,-2.85,-30.01,-0.02
2026-05-31T14:00,18.1,150.8,9600,9600,0.1885,1.5708,11.4,-31.03,-0.08
2026-05-31T15:00,254.8,2.3,9600,9600,2.6542,0.024,42.91,-1.19,-0.08
2026-05-31T16:00,173,77.1,9600,9600,1.8021,0.8031,19.54,-6.04,-0.16
2026-05-31T17:00,16.9,74,9600,9600,0.176,0.7708,16.3,-18.13,-2.78
2026-05-31T18:00,58.9,12.1,9600,9600,0.6135,0.126,95.55,-0.66,-0.16
2026-05-31T19:00,74.1,42,10600,10600,0.6991,0.3962,10.76,-4.41,-0.04
2026-05-31T20:00,50.1,23.2,12000,12000,0.4175,0.1933,69.99,2.22,31
2026-05-31T21:00,5.6,45.3,12000,12000,0.0467,0.3775,48.35,41.32,255.26
2026-05-31T22:00,131,75,11400,11400,1.1491,0.6579,464.79,201.29,523.96
2026-05-31T23:00,294,21.1,8600,8000,3.4186,0.2638,618.06,259.57,790.92
2026-06-01T00:00,170.7,23.5,4000,4000,4.2675,0.5875,508.09,329.18,406.61
2026-06-01T01:00,61.2,2.1,4000,4000,1.53,0.0525,365.32,122.06,366.01
2026-06-01T02:00,71.1,14.4,4400,4400,1.6159,0.3273,442.9,203.9,400.01
2026-06-01T03:00,92.2,36.5,4000,4000,2.305,0.9125,418.11,203.47,373.98
2026-06-01T04:00,199.3,21,4000,4000,4.9825,0.525,441.51,242.24,368.56
2026-06-01T05:00,86.8,77.3,4000,4000,2.17,1.9325,373.02,254.14,374.88
2026-06-01T06:00,74.7,52.3,4000,4000,1.8675,1.3075,422.51,261.47,384.23
2026-06-01T07:00,102.5,6.3,4100,4000,2.5,0.1575,448.15,230.6,408
2026-06-01T08:00,62.7,37.1,4800,4600,1.3063,0.8065,449.19,299.35,455.2
2026-06-01T09:00,146,2.6,5700,5700,2.5614,0.0456,476.12,207.65,490.32
2026-06-01T10:00,90.8,36.2,6000,6000,1.5133,0.6033,421.86,193.99,400.53
2026-06-01T11:00,8.7,199.9,6000,6000,0.145,3.3317,198.38,27.68,176.56
2026-06-01T12:00,1.2,368.9,5400,5400,0.0222,6.8315,-5.53,-25.88,75.08
2026-06-01T13:00,21,28.1,5200,5200,0.4038,0.5404,32.55,-0.64,44.11
2026-06-01T14:00,9.7,39.2,5200,5200,0.1865,0.7538,9.45,-2.05,36.52
2026-06-01T15:00,66.2,15.3,5200,5200,1.2731,0.2942,20.87,-3.17,8.18
2026-06-01T16:00,194.3,7.8,5200,5200,3.7365,0.15,92.78,1.56,7.75
2026-06-01T17:00,0,0,5200,5200,0,0,0,0,5.09
2026-06-01T18:00,118.6,0.9,5200,5200,2.2808,0.0173,74.55,0.1,8.34
2026-06-01T19:00,29.1,34.8,5300,5300,0.5491,0.6566,57.91,-0.38,55.47
2026-06-01T20:00,195,4.8,6000,6000,3.25,0.08,627.17,78.56,159.72
2026-06-01T21:00,23.5,190,6000,6000,0.3917,3.1667,383.53,65.55,337.55
2026-06-01T22:00,7.4,56.3,5700,5700,0.1298,0.9877,485.28,352.19,474.02
2026-06-01T23:00,169.8,1.5,4600,4400,3.6913,0.0341,551.25,239.11,553.39
